-- fintrack mock seed (PostgreSQL) - UPDATED for user-scoped budget_months
BEGIN;

-- user_profiles
-- user_profiles
INSERT INTO user_profiles (id, created_at, username, email, password, net_salary_usd, credit_card_limit_try) VALUES ('ee710eb4-0a40-4ba3-8591-eb1bb15f6161'::uuid, now(), 'test1', 'test1@example.com', '{bcrypt}$2a$12$J2jMLz.wpkbDoDAI3qSAKuDDqYpiko02PqY9sieN3uZPmiE8gQLC2', 2350.968237, 0) ON CONFLICT (username) DO NOTHING;
INSERT INTO user_profiles (id, created_at, username, email, password, net_salary_usd, credit_card_limit_try) VALUES ('1ac0c76d-dbc5-4fd7-9d52-e202bca36232'::uuid, now(), 'test2', 'test2@example.com', '{bcrypt}$2a$12$J2jMLz.wpkbDoDAI3qSAKuDDqYpiko02PqY9sieN3uZPmiE8gQLC2', 2534.790900, 50000) ON CONFLICT (username) DO NOTHING;
INSERT INTO user_profiles (id, created_at, username, email, password, net_salary_usd, credit_card_limit_try) VALUES ('ad2ce19e-8670-4081-9b75-978b1c214fa7'::uuid, now(), 'test3', 'test3@example.com', '{bcrypt}$2a$12$J2jMLz.wpkbDoDAI3qSAKuDDqYpiko02PqY9sieN3uZPmiE8gQLC2', 1601.779329, 0) ON CONFLICT (username) DO NOTHING;
INSERT INTO user_profiles (id, created_at, username, email, password, net_salary_usd, credit_card_limit_try) VALUES ('04f6122b-9e3c-40b5-affd-ae8c628485f2'::uuid, now(), 'test4', 'test4@example.com', '{bcrypt}$2a$12$J2jMLz.wpkbDoDAI3qSAKuDDqYpiko02PqY9sieN3uZPmiE8gQLC2', 2418.059077, 0) ON CONFLICT (username) DO NOTHING;
INSERT INTO user_profiles (id, created_at, username, email, password, net_salary_usd, credit_card_limit_try) VALUES ('7ee0fea8-fd6f-4098-a856-145532271afa'::uuid, now(), 'test5', 'test5@example.com', '{bcrypt}$2a$12$J2jMLz.wpkbDoDAI3qSAKuDDqYpiko02PqY9sieN3uZPmiE8gQLC2', 2262.886522, 0) ON CONFLICT (username) DO NOTHING;

-- budget_months (user-scoped)
INSERT INTO budget_months (id, user_profile_id, year, month, label, income_try, expense_try, net_savings_try) VALUES
('52dd11d9-b5ac-5751-bf23-dbae8cbfb701'::uuid, '04f6122b-9e3c-40b5-affd-ae8c628485f2'::uuid, 2025, 9, 'Eylül 2025', 32481.16, 9718.92, 22762.24),
('30a33a48-0a2f-5363-a040-d75b3b6e87b7'::uuid, '04f6122b-9e3c-40b5-affd-ae8c628485f2'::uuid, 2025, 10, 'Ekim 2025', 39036.41, 10287.08, 28749.33),
('24c3abe9-53ae-5c76-8b4a-cd550234f274'::uuid, '04f6122b-9e3c-40b5-affd-ae8c628485f2'::uuid, 2025, 11, 'Kasım 2025', 27052.24, 1513.41, 25538.83),
('aa2dbaaa-cadd-5bd0-bbcb-ab419adfcd78'::uuid, '04f6122b-9e3c-40b5-affd-ae8c628485f2'::uuid, 2025, 12, 'Aralık 2025', 38264.06, 4055.63, 34208.43),
('16d0d171-6fbf-54b1-8b9d-c71afa821f98'::uuid, '04f6122b-9e3c-40b5-affd-ae8c628485f2'::uuid, 2026, 1, 'Ocak 2026', 59485.81, 797.91, 58687.90),
('0ec4a3e2-e703-55e6-9ecf-12608639c0f1'::uuid, '04f6122b-9e3c-40b5-affd-ae8c628485f2'::uuid, 2026, 2, 'Şubat 2026', 34282.11, 4100.64, 30181.47),
('0983f9d6-df28-5798-aedc-f7d4da025630'::uuid, '04f6122b-9e3c-40b5-affd-ae8c628485f2'::uuid, 2026, 3, 'Mart 2026', 52442.47, 5183.45, 47259.02),
('f9971391-c662-5679-9c97-ce6d814c96fb'::uuid, '1ac0c76d-dbc5-4fd7-9d52-e202bca36232'::uuid, 2025, 9, 'Eylül 2025', 34448.17, 185.56, 34262.61),
('6ef66751-953f-5b08-9119-ce7c02e4b94c'::uuid, '1ac0c76d-dbc5-4fd7-9d52-e202bca36232'::uuid, 2025, 10, 'Ekim 2025', 57388.69, 5347.63, 52041.06),
('110db93e-0b71-5a0b-b07d-270eb3ceb8f7'::uuid, '1ac0c76d-dbc5-4fd7-9d52-e202bca36232'::uuid, 2025, 11, 'Kasım 2025', 49085.67, 5247.97, 43837.70),
('7f64aef3-f1e7-5335-ac65-4e5d73feff78'::uuid, '1ac0c76d-dbc5-4fd7-9d52-e202bca36232'::uuid, 2025, 12, 'Aralık 2025', 32686.53, 4990.01, 27696.52),
('b2066d10-6492-5024-868d-477012353e95'::uuid, '1ac0c76d-dbc5-4fd7-9d52-e202bca36232'::uuid, 2026, 1, 'Ocak 2026', 36349.90, 13182.35, 23167.55),
('1c4635a2-b52e-577f-92d7-be687ade5e3f'::uuid, '1ac0c76d-dbc5-4fd7-9d52-e202bca36232'::uuid, 2026, 2, 'Şubat 2026', 51890.98, 1521.41, 50369.57),
('1f69eb0a-e0f5-5cf8-a0b8-bfaf5581cbbe'::uuid, '1ac0c76d-dbc5-4fd7-9d52-e202bca36232'::uuid, 2026, 3, 'Mart 2026', 26957.83, 5405.87, 21551.96),
('fe96762a-c722-5201-879f-b79ea54e09fd'::uuid, '7ee0fea8-fd6f-4098-a856-145532271afa'::uuid, 2025, 9, 'Eylül 2025', 32125.91, 1285.59, 30840.32),
('f1d7f58f-b2a9-5a8e-960a-4f953d81f9dc'::uuid, '7ee0fea8-fd6f-4098-a856-145532271afa'::uuid, 2025, 10, 'Ekim 2025', 47198.33, 3237.20, 43961.13),
('3945c4b7-90a0-53ff-be19-206f8173ed2a'::uuid, '7ee0fea8-fd6f-4098-a856-145532271afa'::uuid, 2025, 11, 'Kasım 2025', 34239.44, 7494.28, 26745.16),
('7ac2f213-0dbf-5b9d-a329-76168900b97a'::uuid, '7ee0fea8-fd6f-4098-a856-145532271afa'::uuid, 2025, 12, 'Aralık 2025', 42098.61, 7476.17, 34622.44),
('04d5450f-d20d-51df-97b4-b66f3715e870'::uuid, '7ee0fea8-fd6f-4098-a856-145532271afa'::uuid, 2026, 1, 'Ocak 2026', 56686.78, 5202.18, 51484.60),
('3407c32d-9653-5295-a909-bac6140ee735'::uuid, '7ee0fea8-fd6f-4098-a856-145532271afa'::uuid, 2026, 2, 'Şubat 2026', 54613.63, 3070.11, 51543.52),
('2e356d44-1c69-5225-8027-50d91d9c1959'::uuid, '7ee0fea8-fd6f-4098-a856-145532271afa'::uuid, 2026, 3, 'Mart 2026', 28230.45, 5311.98, 22918.47),
('52f1bf3f-2adf-5faf-b0a4-cc118c938245'::uuid, 'ad2ce19e-8670-4081-9b75-978b1c214fa7'::uuid, 2025, 9, 'Eylül 2025', 43468.58, 5618.28, 37850.30),
('6c07b653-280a-5015-97f0-45b30e434e5c'::uuid, 'ad2ce19e-8670-4081-9b75-978b1c214fa7'::uuid, 2025, 10, 'Ekim 2025', 46230.79, 0.00, 46230.79),
('92e37fb3-9681-5766-8453-e9e51a74acf6'::uuid, 'ad2ce19e-8670-4081-9b75-978b1c214fa7'::uuid, 2025, 11, 'Kasım 2025', 58752.70, 4762.00, 53990.70),
('0420998a-6eb1-5bf9-a894-9105aa1bce90'::uuid, 'ad2ce19e-8670-4081-9b75-978b1c214fa7'::uuid, 2025, 12, 'Aralık 2025', 57511.97, 6545.62, 50966.35),
('767329bf-911b-5b84-811d-fd546395d1da'::uuid, 'ad2ce19e-8670-4081-9b75-978b1c214fa7'::uuid, 2026, 1, 'Ocak 2026', 51434.28, 2760.85, 48673.43),
('ea620698-d4c0-5fa5-8822-6faf49577264'::uuid, 'ad2ce19e-8670-4081-9b75-978b1c214fa7'::uuid, 2026, 2, 'Şubat 2026', 49145.37, 7249.59, 41895.78),
('08183568-df27-5e3c-96b5-0ccbad1f01c7'::uuid, 'ad2ce19e-8670-4081-9b75-978b1c214fa7'::uuid, 2026, 3, 'Mart 2026', 49953.21, 2334.46, 47618.75),
('3538b541-e7f0-56cb-91a5-6f322bd6fc3a'::uuid, 'ee710eb4-0a40-4ba3-8591-eb1bb15f6161'::uuid, 2025, 9, 'Eylül 2025', 28279.33, 9045.10, 19234.23),
('5a596c51-6a2d-59e5-a397-54d28fa8a0ba'::uuid, 'ee710eb4-0a40-4ba3-8591-eb1bb15f6161'::uuid, 2025, 10, 'Ekim 2025', 33143.13, 0.00, 33143.13),
('cfef136b-3f31-5868-8fc5-719f03883ec9'::uuid, 'ee710eb4-0a40-4ba3-8591-eb1bb15f6161'::uuid, 2025, 11, 'Kasım 2025', 46070.66, 0.00, 46070.66),
('3266b3d5-cf4d-5be8-8974-2100db6b825d'::uuid, 'ee710eb4-0a40-4ba3-8591-eb1bb15f6161'::uuid, 2025, 12, 'Aralık 2025', 44643.58, 4192.74, 40450.84),
('46084496-6a25-58f9-8fb9-594d7712c786'::uuid, 'ee710eb4-0a40-4ba3-8591-eb1bb15f6161'::uuid, 2026, 1, 'Ocak 2026', 50060.69, 6650.41, 43410.28),
('f02d9290-e3d9-5ae5-a954-8f47b1f8c461'::uuid, 'ee710eb4-0a40-4ba3-8591-eb1bb15f6161'::uuid, 2026, 2, 'Şubat 2026', 49546.37, 3009.08, 46537.29),
('f20fafad-80ab-5ac7-9a50-9df4aa6f1bc8'::uuid, 'ee710eb4-0a40-4ba3-8591-eb1bb15f6161'::uuid, 2026, 3, 'Mart 2026', 39683.19, 0.00, 39683.19);

-- budget_categories (linked to budget_months.id)
INSERT INTO budget_categories (id, budget_month_id, category, limit_try, spent_try, user_profile_id) VALUES
('31093e4b-0cbc-491c-b2fc-1b2ede9d874c'::uuid, '3538b541-e7f0-56cb-91a5-6f322bd6fc3a'::uuid, 'BILLS', 4244.14, 4879.15, 'ee710eb4-0a40-4ba3-8591-eb1bb15f6161'::uuid),
('9153d0f4-133a-433f-a8a7-c0682a708f13'::uuid, '3538b541-e7f0-56cb-91a5-6f322bd6fc3a'::uuid, 'ENTERTAINMENT', 1312.67, 2140.28, 'ee710eb4-0a40-4ba3-8591-eb1bb15f6161'::uuid),
('f0cebad7-8c4b-4a74-bce3-8d8c22081d37'::uuid, '3538b541-e7f0-56cb-91a5-6f322bd6fc3a'::uuid, 'SHOPPING', 2495.57, 2025.67, 'ee710eb4-0a40-4ba3-8591-eb1bb15f6161'::uuid),
('f6f8891e-6b15-48f2-9fbf-ba17dcd1aa0d'::uuid, '3538b541-e7f0-56cb-91a5-6f322bd6fc3a'::uuid, 'TRAVEL', 1000.00, 0.00, 'ee710eb4-0a40-4ba3-8591-eb1bb15f6161'::uuid),
('5107c5b1-fa83-4103-86d3-0ad56a8d7f3e'::uuid, '3538b541-e7f0-56cb-91a5-6f322bd6fc3a'::uuid, 'HEALTH', 500.00, 0.00, 'ee710eb4-0a40-4ba3-8591-eb1bb15f6161'::uuid),
('7ff980d5-f70c-476e-bc8e-8faad677614d'::uuid, '3538b541-e7f0-56cb-91a5-6f322bd6fc3a'::uuid, 'EDUCATION', 1500.00, 0.00, 'ee710eb4-0a40-4ba3-8591-eb1bb15f6161'::uuid),
('d311087d-beb5-4e2f-8252-3d2d64a46ba5'::uuid, '5a596c51-6a2d-59e5-a397-54d28fa8a0ba'::uuid, 'TRAVEL', 1500.00, 0.00, 'ee710eb4-0a40-4ba3-8591-eb1bb15f6161'::uuid),
('a2007809-c282-4e03-9c2b-efb66356742e'::uuid, '5a596c51-6a2d-59e5-a397-54d28fa8a0ba'::uuid, 'HEALTH', 1000.00, 0.00, 'ee710eb4-0a40-4ba3-8591-eb1bb15f6161'::uuid),
('ccd0a06d-591d-4ff3-b46c-96823f41c5c8'::uuid, '5a596c51-6a2d-59e5-a397-54d28fa8a0ba'::uuid, 'RENT', 2000.00, 0.00, 'ee710eb4-0a40-4ba3-8591-eb1bb15f6161'::uuid),
('d8f13fc7-a2f0-41a8-b259-5256540a18ae'::uuid, '5a596c51-6a2d-59e5-a397-54d28fa8a0ba'::uuid, 'BILLS', 1000.00, 0.00, 'ee710eb4-0a40-4ba3-8591-eb1bb15f6161'::uuid),
('7c1a519a-b9dd-4fd2-8508-9aaee94795ea'::uuid, '5a596c51-6a2d-59e5-a397-54d28fa8a0ba'::uuid, 'EDUCATION', 1500.00, 0.00, 'ee710eb4-0a40-4ba3-8591-eb1bb15f6161'::uuid),
('058b2f88-548b-4b37-8107-7508530af18e'::uuid, '5a596c51-6a2d-59e5-a397-54d28fa8a0ba'::uuid, 'SHOPPING', 500.00, 0.00, 'ee710eb4-0a40-4ba3-8591-eb1bb15f6161'::uuid),
('da6c07ca-0f44-4365-a4eb-5d554990ff84'::uuid, 'cfef136b-3f31-5868-8fc5-719f03883ec9'::uuid, 'BILLS', 1000.00, 0.00, 'ee710eb4-0a40-4ba3-8591-eb1bb15f6161'::uuid),
('df2f0cd0-b3ed-41d7-baba-ef2eb8470f83'::uuid, 'cfef136b-3f31-5868-8fc5-719f03883ec9'::uuid, 'ENTERTAINMENT', 1000.00, 0.00, 'ee710eb4-0a40-4ba3-8591-eb1bb15f6161'::uuid),
('e5b5aa6d-5208-4d62-b0c1-f4fc05e6ceb3'::uuid, 'cfef136b-3f31-5868-8fc5-719f03883ec9'::uuid, 'SHOPPING', 1500.00, 0.00, 'ee710eb4-0a40-4ba3-8591-eb1bb15f6161'::uuid),
('02435f15-c97b-4557-acd8-d7ec077ae3b5'::uuid, 'cfef136b-3f31-5868-8fc5-719f03883ec9'::uuid, 'TRAVEL', 1500.00, 0.00, 'ee710eb4-0a40-4ba3-8591-eb1bb15f6161'::uuid),
('0b0e3c51-b0ac-4c43-9820-79746dfd4f4d'::uuid, 'cfef136b-3f31-5868-8fc5-719f03883ec9'::uuid, 'HEALTH', 1000.00, 0.00, 'ee710eb4-0a40-4ba3-8591-eb1bb15f6161'::uuid),
('90bd864c-c9f6-442f-bde7-320916211f53'::uuid, 'cfef136b-3f31-5868-8fc5-719f03883ec9'::uuid, 'DINING', 1000.00, 0.00, 'ee710eb4-0a40-4ba3-8591-eb1bb15f6161'::uuid),
('daea1b59-6c87-4e23-bdd0-46b796353e8b'::uuid, '3266b3d5-cf4d-5be8-8974-2100db6b825d'::uuid, 'BILLS', 8996.18, 4192.74, 'ee710eb4-0a40-4ba3-8591-eb1bb15f6161'::uuid),
('022d8b93-e7d6-45ef-ab6d-69d3a0376e58'::uuid, '3266b3d5-cf4d-5be8-8974-2100db6b825d'::uuid, 'ENTERTAINMENT', 1000.00, 0.00, 'ee710eb4-0a40-4ba3-8591-eb1bb15f6161'::uuid),
('0a2afb82-aaa7-4a28-b164-131dff424a8c'::uuid, '3266b3d5-cf4d-5be8-8974-2100db6b825d'::uuid, 'TRANSPORT', 2000.00, 0.00, 'ee710eb4-0a40-4ba3-8591-eb1bb15f6161'::uuid),
('0c8821ec-d93d-4d23-94f4-4d33d3a5c97c'::uuid, '3266b3d5-cf4d-5be8-8974-2100db6b825d'::uuid, 'GROCERY', 1000.00, 0.00, 'ee710eb4-0a40-4ba3-8591-eb1bb15f6161'::uuid),
('5a5083e8-43d9-42d3-9a9e-b0ebcbcf3730'::uuid, '3266b3d5-cf4d-5be8-8974-2100db6b825d'::uuid, 'DINING', 500.00, 0.00, 'ee710eb4-0a40-4ba3-8591-eb1bb15f6161'::uuid),
('00bcde53-0adf-4334-9a99-1ff79c50ad22'::uuid, '3266b3d5-cf4d-5be8-8974-2100db6b825d'::uuid, 'TRAVEL', 500.00, 0.00, 'ee710eb4-0a40-4ba3-8591-eb1bb15f6161'::uuid),
('34e2333c-d65f-4031-afde-59b7e922c2f2'::uuid, '46084496-6a25-58f9-8fb9-594d7712c786'::uuid, 'GROCERY', 3718.29, 2986.36, 'ee710eb4-0a40-4ba3-8591-eb1bb15f6161'::uuid),
('492f9c0d-93b8-4177-ad3f-34751329cbc9'::uuid, '46084496-6a25-58f9-8fb9-594d7712c786'::uuid, 'RENT', 8217.43, 3664.05, 'ee710eb4-0a40-4ba3-8591-eb1bb15f6161'::uuid),
('903f69c0-d4bf-40e4-90a9-dbd24d501a88'::uuid, '46084496-6a25-58f9-8fb9-594d7712c786'::uuid, 'SHOPPING', 2000.00, 0.00, 'ee710eb4-0a40-4ba3-8591-eb1bb15f6161'::uuid),
('92a0b565-5f67-4b16-975c-56db54460b1f'::uuid, '46084496-6a25-58f9-8fb9-594d7712c786'::uuid, 'ENTERTAINMENT', 1500.00, 0.00, 'ee710eb4-0a40-4ba3-8591-eb1bb15f6161'::uuid),
('5aac8d5a-c17b-4f53-8ab5-6fce9c69304c'::uuid, '46084496-6a25-58f9-8fb9-594d7712c786'::uuid, 'TRANSPORT', 2000.00, 0.00, 'ee710eb4-0a40-4ba3-8591-eb1bb15f6161'::uuid),
('867af602-8b34-4b06-8d61-beab6df579e3'::uuid, '46084496-6a25-58f9-8fb9-594d7712c786'::uuid, 'EDUCATION', 2000.00, 0.00, 'ee710eb4-0a40-4ba3-8591-eb1bb15f6161'::uuid),
('7a53e067-d178-498a-95f7-b0864de06302'::uuid, 'f02d9290-e3d9-5ae5-a954-8f47b1f8c461'::uuid, 'HEALTH', 7687.06, 3009.08, 'ee710eb4-0a40-4ba3-8591-eb1bb15f6161'::uuid),
('c0500688-0420-4873-9bf5-c693b2cdb3e8'::uuid, 'f02d9290-e3d9-5ae5-a954-8f47b1f8c461'::uuid, 'EDUCATION', 2000.00, 0.00, 'ee710eb4-0a40-4ba3-8591-eb1bb15f6161'::uuid),
('8a96b36c-7118-4cd4-8dc6-d843db9c24f4'::uuid, 'f02d9290-e3d9-5ae5-a954-8f47b1f8c461'::uuid, 'DINING', 1500.00, 0.00, 'ee710eb4-0a40-4ba3-8591-eb1bb15f6161'::uuid),
('9d6976f9-efa9-4913-888c-d4ed2c0cafe1'::uuid, 'f02d9290-e3d9-5ae5-a954-8f47b1f8c461'::uuid, 'TRANSPORT', 1500.00, 0.00, 'ee710eb4-0a40-4ba3-8591-eb1bb15f6161'::uuid),
('13cb9207-ee9b-4927-8ea1-5ef38278fda4'::uuid, 'f02d9290-e3d9-5ae5-a954-8f47b1f8c461'::uuid, 'BILLS', 1500.00, 0.00, 'ee710eb4-0a40-4ba3-8591-eb1bb15f6161'::uuid),
('fb103215-4768-43ed-8122-9db300fbe033'::uuid, 'f02d9290-e3d9-5ae5-a954-8f47b1f8c461'::uuid, 'ENTERTAINMENT', 500.00, 0.00, 'ee710eb4-0a40-4ba3-8591-eb1bb15f6161'::uuid),
('efeaf80e-d91a-45bb-9ad4-afcffd620897'::uuid, 'f20fafad-80ab-5ac7-9a50-9df4aa6f1bc8'::uuid, 'TRANSPORT', 500.00, 0.00, 'ee710eb4-0a40-4ba3-8591-eb1bb15f6161'::uuid),
('369ccbad-cbb6-41c4-980a-065718d56eef'::uuid, 'f20fafad-80ab-5ac7-9a50-9df4aa6f1bc8'::uuid, 'ENTERTAINMENT', 2000.00, 0.00, 'ee710eb4-0a40-4ba3-8591-eb1bb15f6161'::uuid),
('bf95e7b5-6084-465e-a516-faeb4b14654b'::uuid, 'f20fafad-80ab-5ac7-9a50-9df4aa6f1bc8'::uuid, 'SHOPPING', 500.00, 0.00, 'ee710eb4-0a40-4ba3-8591-eb1bb15f6161'::uuid),
('9835f928-c657-44c9-b0ab-7948a668559c'::uuid, 'f20fafad-80ab-5ac7-9a50-9df4aa6f1bc8'::uuid, 'RENT', 2000.00, 0.00, 'ee710eb4-0a40-4ba3-8591-eb1bb15f6161'::uuid),
('300311ef-69d9-433c-a9ed-3d860f6aa3df'::uuid, 'f20fafad-80ab-5ac7-9a50-9df4aa6f1bc8'::uuid, 'HEALTH', 1500.00, 0.00, 'ee710eb4-0a40-4ba3-8591-eb1bb15f6161'::uuid),
('51db9bed-4036-4931-a47f-e5b106f2039e'::uuid, 'f20fafad-80ab-5ac7-9a50-9df4aa6f1bc8'::uuid, 'EDUCATION', 2000.00, 0.00, 'ee710eb4-0a40-4ba3-8591-eb1bb15f6161'::uuid),
('ac1107ea-fbfa-4c2b-8e79-cddb2d556ebb'::uuid, 'f9971391-c662-5679-9c97-ce6d814c96fb'::uuid, 'HEALTH', 135.60, 185.56, '1ac0c76d-dbc5-4fd7-9d52-e202bca36232'::uuid),
('70856558-8502-4963-a53e-27bd71c5b36d'::uuid, 'f9971391-c662-5679-9c97-ce6d814c96fb'::uuid, 'SHOPPING', 1500.00, 0.00, '1ac0c76d-dbc5-4fd7-9d52-e202bca36232'::uuid),
('d3c98178-6613-4246-b08a-ef84b384ea0a'::uuid, 'f9971391-c662-5679-9c97-ce6d814c96fb'::uuid, 'EDUCATION', 2000.00, 0.00, '1ac0c76d-dbc5-4fd7-9d52-e202bca36232'::uuid),
('1d1dd5b4-4da4-4536-ab18-d23bbbc81717'::uuid, 'f9971391-c662-5679-9c97-ce6d814c96fb'::uuid, 'TRAVEL', 2000.00, 0.00, '1ac0c76d-dbc5-4fd7-9d52-e202bca36232'::uuid),
('d2ac9470-5e51-490b-8741-1766ede9b8b3'::uuid, 'f9971391-c662-5679-9c97-ce6d814c96fb'::uuid, 'ENTERTAINMENT', 500.00, 0.00, '1ac0c76d-dbc5-4fd7-9d52-e202bca36232'::uuid),
('e3c509e4-7687-408c-8daa-2f8d5bdc9f3d'::uuid, 'f9971391-c662-5679-9c97-ce6d814c96fb'::uuid, 'DINING', 500.00, 0.00, '1ac0c76d-dbc5-4fd7-9d52-e202bca36232'::uuid),
('253cdbb8-4fa5-4901-9d8c-bb5f11f7087c'::uuid, '6ef66751-953f-5b08-9119-ce7c02e4b94c'::uuid, 'GROCERY', 6011.17, 5347.63, '1ac0c76d-dbc5-4fd7-9d52-e202bca36232'::uuid),
('53699047-0ff0-4be5-a23f-0a40d0cc8df9'::uuid, '6ef66751-953f-5b08-9119-ce7c02e4b94c'::uuid, 'RENT', 2000.00, 0.00, '1ac0c76d-dbc5-4fd7-9d52-e202bca36232'::uuid),
('471a2485-539e-40a7-af81-abc7a4341894'::uuid, '6ef66751-953f-5b08-9119-ce7c02e4b94c'::uuid, 'SHOPPING', 2000.00, 0.00, '1ac0c76d-dbc5-4fd7-9d52-e202bca36232'::uuid),
('ae277f8e-d35d-435c-bf9b-5be405b0b8e4'::uuid, '6ef66751-953f-5b08-9119-ce7c02e4b94c'::uuid, 'TRANSPORT', 500.00, 0.00, '1ac0c76d-dbc5-4fd7-9d52-e202bca36232'::uuid),
('e9400e9e-e272-46cc-b102-e93ecd5b1817'::uuid, '6ef66751-953f-5b08-9119-ce7c02e4b94c'::uuid, 'DINING', 500.00, 0.00, '1ac0c76d-dbc5-4fd7-9d52-e202bca36232'::uuid),
('c3186ac4-a21e-4c20-b8ab-de3ebd6241db'::uuid, '6ef66751-953f-5b08-9119-ce7c02e4b94c'::uuid, 'BILLS', 1500.00, 0.00, '1ac0c76d-dbc5-4fd7-9d52-e202bca36232'::uuid),
('7ad64f87-6911-4f57-951c-c30ab34676ae'::uuid, '110db93e-0b71-5a0b-b07d-270eb3ceb8f7'::uuid, 'TRANSPORT', 6546.26, 5247.97, '1ac0c76d-dbc5-4fd7-9d52-e202bca36232'::uuid),
('f8cdcfe4-be35-4e59-b9ed-fd618a2245fa'::uuid, '110db93e-0b71-5a0b-b07d-270eb3ceb8f7'::uuid, 'ENTERTAINMENT', 1500.00, 0.00, '1ac0c76d-dbc5-4fd7-9d52-e202bca36232'::uuid),
('e38fd205-e2c6-433c-9321-a509204ef05f'::uuid, '110db93e-0b71-5a0b-b07d-270eb3ceb8f7'::uuid, 'RENT', 1000.00, 0.00, '1ac0c76d-dbc5-4fd7-9d52-e202bca36232'::uuid),
('f0f02788-da12-4007-862d-bb5389eecf26'::uuid, '110db93e-0b71-5a0b-b07d-270eb3ceb8f7'::uuid, 'GROCERY', 500.00, 0.00, '1ac0c76d-dbc5-4fd7-9d52-e202bca36232'::uuid),
('5c8e1a55-0d90-4a4f-a7de-77364caa713e'::uuid, '110db93e-0b71-5a0b-b07d-270eb3ceb8f7'::uuid, 'TRAVEL', 1000.00, 0.00, '1ac0c76d-dbc5-4fd7-9d52-e202bca36232'::uuid),
('bed36df9-c5c1-47f4-b2df-1b7e22b47b14'::uuid, '110db93e-0b71-5a0b-b07d-270eb3ceb8f7'::uuid, 'DINING', 500.00, 0.00, '1ac0c76d-dbc5-4fd7-9d52-e202bca36232'::uuid),
('765d3e2a-93a8-4e63-8f76-30704668d050'::uuid, '7f64aef3-f1e7-5335-ac65-4e5d73feff78'::uuid, 'ENTERTAINMENT', 3694.84, 2841.63, '1ac0c76d-dbc5-4fd7-9d52-e202bca36232'::uuid),
('79c7dd70-a535-4e26-b201-d3f6b0088903'::uuid, '7f64aef3-f1e7-5335-ac65-4e5d73feff78'::uuid, 'RENT', 1734.14, 2148.38, '1ac0c76d-dbc5-4fd7-9d52-e202bca36232'::uuid),
('9a11f77d-316d-4e8b-90e9-5ef7640a977c'::uuid, '7f64aef3-f1e7-5335-ac65-4e5d73feff78'::uuid, 'TRAVEL', 500.00, 0.00, '1ac0c76d-dbc5-4fd7-9d52-e202bca36232'::uuid),
('4e2c23b6-9345-4cfe-9d2a-559bfa3f0dae'::uuid, '7f64aef3-f1e7-5335-ac65-4e5d73feff78'::uuid, 'GROCERY', 1500.00, 0.00, '1ac0c76d-dbc5-4fd7-9d52-e202bca36232'::uuid),
('ddaa4234-83d5-49df-8e4c-75f9e7f507e2'::uuid, '7f64aef3-f1e7-5335-ac65-4e5d73feff78'::uuid, 'BILLS', 500.00, 0.00, '1ac0c76d-dbc5-4fd7-9d52-e202bca36232'::uuid),
('44f7467c-ab30-456b-81f2-34915dbceb00'::uuid, '7f64aef3-f1e7-5335-ac65-4e5d73feff78'::uuid, 'SHOPPING', 500.00, 0.00, '1ac0c76d-dbc5-4fd7-9d52-e202bca36232'::uuid),
('95a52937-ff78-4851-bd65-412bad5c6b81'::uuid, 'b2066d10-6492-5024-868d-477012353e95'::uuid, 'BILLS', 21076.10, 5782.73, '1ac0c76d-dbc5-4fd7-9d52-e202bca36232'::uuid),
('0fea1a48-1beb-4d38-80cf-fb7b35ba7b57'::uuid, 'b2066d10-6492-5024-868d-477012353e95'::uuid, 'EDUCATION', 3346.11, 3767.14, '1ac0c76d-dbc5-4fd7-9d52-e202bca36232'::uuid),
('b5a9b71a-96ce-4365-a476-242450dd0189'::uuid, 'b2066d10-6492-5024-868d-477012353e95'::uuid, 'HEALTH', 4867.70, 3632.48, '1ac0c76d-dbc5-4fd7-9d52-e202bca36232'::uuid),
('cf90b0eb-a9f2-48bd-8c49-5a03fe30436d'::uuid, 'b2066d10-6492-5024-868d-477012353e95'::uuid, 'SHOPPING', 2000.00, 0.00, '1ac0c76d-dbc5-4fd7-9d52-e202bca36232'::uuid),
('ed42a0c5-1064-434d-b969-91f9b774a4ed'::uuid, 'b2066d10-6492-5024-868d-477012353e95'::uuid, 'RENT', 1500.00, 0.00, '1ac0c76d-dbc5-4fd7-9d52-e202bca36232'::uuid),
('8aa2d3ca-b397-4f32-9082-90b78c1510fb'::uuid, 'b2066d10-6492-5024-868d-477012353e95'::uuid, 'GROCERY', 2000.00, 0.00, '1ac0c76d-dbc5-4fd7-9d52-e202bca36232'::uuid),
('ea1b82d5-ce82-4ad5-916c-07c5d6c5c429'::uuid, '1c4635a2-b52e-577f-92d7-be687ade5e3f'::uuid, 'BILLS', 2506.67, 684.61, '1ac0c76d-dbc5-4fd7-9d52-e202bca36232'::uuid),
('90de9129-53b4-4ebd-8c2a-495022f12f90'::uuid, '1c4635a2-b52e-577f-92d7-be687ade5e3f'::uuid, 'TRANSPORT', 723.40, 836.80, '1ac0c76d-dbc5-4fd7-9d52-e202bca36232'::uuid),
('5d9d384e-775a-4a97-865d-b09b97a12f14'::uuid, '1c4635a2-b52e-577f-92d7-be687ade5e3f'::uuid, 'DINING', 2000.00, 0.00, '1ac0c76d-dbc5-4fd7-9d52-e202bca36232'::uuid),
('4aa17964-5000-4fb1-90df-84c5087c155d'::uuid, '1c4635a2-b52e-577f-92d7-be687ade5e3f'::uuid, 'SHOPPING', 2000.00, 0.00, '1ac0c76d-dbc5-4fd7-9d52-e202bca36232'::uuid),
('1209b375-23d8-4370-b87a-b8bb6f65c365'::uuid, '1c4635a2-b52e-577f-92d7-be687ade5e3f'::uuid, 'TRAVEL', 2000.00, 0.00, '1ac0c76d-dbc5-4fd7-9d52-e202bca36232'::uuid),
('ea3b9d32-a7c3-4da4-8dca-928f6d4df2b1'::uuid, '1c4635a2-b52e-577f-92d7-be687ade5e3f'::uuid, 'HEALTH', 1000.00, 0.00, '1ac0c76d-dbc5-4fd7-9d52-e202bca36232'::uuid),
('807e51be-0dad-4e7b-a988-696e81d1d829'::uuid, '1f69eb0a-e0f5-5cf8-a0b8-bfaf5581cbbe'::uuid, 'BILLS', 1005.57, 393.95, '1ac0c76d-dbc5-4fd7-9d52-e202bca36232'::uuid),
('d2e4f24a-1caf-4f54-913f-24aea45a7276'::uuid, '1f69eb0a-e0f5-5cf8-a0b8-bfaf5581cbbe'::uuid, 'HEALTH', 1354.19, 1531.16, '1ac0c76d-dbc5-4fd7-9d52-e202bca36232'::uuid),
('7cbefff8-9357-403c-bb1c-8c9536d47689'::uuid, '1f69eb0a-e0f5-5cf8-a0b8-bfaf5581cbbe'::uuid, 'RENT', 2840.38, 3480.76, '1ac0c76d-dbc5-4fd7-9d52-e202bca36232'::uuid),
('2f75d53b-8054-453b-bb96-abafbf83882d'::uuid, '1f69eb0a-e0f5-5cf8-a0b8-bfaf5581cbbe'::uuid, 'DINING', 1000.00, 0.00, '1ac0c76d-dbc5-4fd7-9d52-e202bca36232'::uuid),
('c23e2305-433a-45ba-9757-42960744557d'::uuid, '1f69eb0a-e0f5-5cf8-a0b8-bfaf5581cbbe'::uuid, 'ENTERTAINMENT', 2000.00, 0.00, '1ac0c76d-dbc5-4fd7-9d52-e202bca36232'::uuid),
('219f8a15-9ac5-40ef-89f2-c4303015d4b4'::uuid, '1f69eb0a-e0f5-5cf8-a0b8-bfaf5581cbbe'::uuid, 'TRAVEL', 500.00, 0.00, '1ac0c76d-dbc5-4fd7-9d52-e202bca36232'::uuid),
('bb972141-6a1b-49b3-8424-0a9884895184'::uuid, '52f1bf3f-2adf-5faf-b0a4-cc118c938245'::uuid, 'ENTERTAINMENT', 6943.20, 5618.28, 'ad2ce19e-8670-4081-9b75-978b1c214fa7'::uuid),
('cb713a92-7e43-4f10-a326-dd757bc7c1cc'::uuid, '52f1bf3f-2adf-5faf-b0a4-cc118c938245'::uuid, 'RENT', 1500.00, 0.00, 'ad2ce19e-8670-4081-9b75-978b1c214fa7'::uuid),
('3e1fb13c-c4b4-4d57-84d4-97b4220014ce'::uuid, '52f1bf3f-2adf-5faf-b0a4-cc118c938245'::uuid, 'BILLS', 2000.00, 0.00, 'ad2ce19e-8670-4081-9b75-978b1c214fa7'::uuid),
('c41e979f-5b75-4135-8cae-8a277870f23b'::uuid, '52f1bf3f-2adf-5faf-b0a4-cc118c938245'::uuid, 'SHOPPING', 1500.00, 0.00, 'ad2ce19e-8670-4081-9b75-978b1c214fa7'::uuid),
('59f0f8ad-d878-472c-97de-5b09834fcf67'::uuid, '52f1bf3f-2adf-5faf-b0a4-cc118c938245'::uuid, 'TRAVEL', 1000.00, 0.00, 'ad2ce19e-8670-4081-9b75-978b1c214fa7'::uuid),
('445627bc-360a-4692-ba28-348ffe179fdc'::uuid, '52f1bf3f-2adf-5faf-b0a4-cc118c938245'::uuid, 'HEALTH', 1000.00, 0.00, 'ad2ce19e-8670-4081-9b75-978b1c214fa7'::uuid),
('994d8495-f401-48ec-89c2-93cc586c8ecc'::uuid, '6c07b653-280a-5015-97f0-45b30e434e5c'::uuid, 'ENTERTAINMENT', 1500.00, 0.00, 'ad2ce19e-8670-4081-9b75-978b1c214fa7'::uuid),
('4603e38c-95f5-41de-a039-68998d3db979'::uuid, '6c07b653-280a-5015-97f0-45b30e434e5c'::uuid, 'DINING', 1000.00, 0.00, 'ad2ce19e-8670-4081-9b75-978b1c214fa7'::uuid),
('b8733b2d-2357-428f-a580-270f16c65432'::uuid, '6c07b653-280a-5015-97f0-45b30e434e5c'::uuid, 'BILLS', 1000.00, 0.00, 'ad2ce19e-8670-4081-9b75-978b1c214fa7'::uuid),
('69b1b1b4-71c5-47e4-8428-2f61528fc3f8'::uuid, '6c07b653-280a-5015-97f0-45b30e434e5c'::uuid, 'TRAVEL', 500.00, 0.00, 'ad2ce19e-8670-4081-9b75-978b1c214fa7'::uuid),
('aac5a568-d350-40f0-9764-23c14ae72ef2'::uuid, '6c07b653-280a-5015-97f0-45b30e434e5c'::uuid, 'EDUCATION', 1000.00, 0.00, 'ad2ce19e-8670-4081-9b75-978b1c214fa7'::uuid),
('672fb262-d5d4-45fb-8764-15c43eefe547'::uuid, '6c07b653-280a-5015-97f0-45b30e434e5c'::uuid, 'RENT', 2000.00, 0.00, 'ad2ce19e-8670-4081-9b75-978b1c214fa7'::uuid),
('da4969fb-475e-4d72-b7f4-f185f8bbc8a2'::uuid, '92e37fb3-9681-5766-8453-e9e51a74acf6'::uuid, 'SHOPPING', 5567.95, 4762.00, 'ad2ce19e-8670-4081-9b75-978b1c214fa7'::uuid),
('280e1f9f-bfb6-49fd-9fae-0d5ab2c541f4'::uuid, '92e37fb3-9681-5766-8453-e9e51a74acf6'::uuid, 'RENT', 1500.00, 0.00, 'ad2ce19e-8670-4081-9b75-978b1c214fa7'::uuid),
('28aa7dbf-3b08-46e9-a15f-46b86ca61068'::uuid, '92e37fb3-9681-5766-8453-e9e51a74acf6'::uuid, 'GROCERY', 2000.00, 0.00, 'ad2ce19e-8670-4081-9b75-978b1c214fa7'::uuid),
('1ee6c2d6-abf5-4261-83e0-f80aa7afcefe'::uuid, '92e37fb3-9681-5766-8453-e9e51a74acf6'::uuid, 'TRAVEL', 500.00, 0.00, 'ad2ce19e-8670-4081-9b75-978b1c214fa7'::uuid),
('3f3abd5c-d85b-444e-877e-1095d671ac27'::uuid, '92e37fb3-9681-5766-8453-e9e51a74acf6'::uuid, 'BILLS', 500.00, 0.00, 'ad2ce19e-8670-4081-9b75-978b1c214fa7'::uuid),
('71ef067d-1f4e-4001-98be-09b5629adad6'::uuid, '92e37fb3-9681-5766-8453-e9e51a74acf6'::uuid, 'DINING', 500.00, 0.00, 'ad2ce19e-8670-4081-9b75-978b1c214fa7'::uuid),
('0ed33374-7539-4dc8-a051-43b1431707c1'::uuid, '0420998a-6eb1-5bf9-a894-9105aa1bce90'::uuid, 'HEALTH', 11085.89, 4955.91, 'ad2ce19e-8670-4081-9b75-978b1c214fa7'::uuid),
('379d4292-618b-4dac-b120-6c260e06f7d5'::uuid, '0420998a-6eb1-5bf9-a894-9105aa1bce90'::uuid, 'SHOPPING', 5107.16, 1589.71, 'ad2ce19e-8670-4081-9b75-978b1c214fa7'::uuid),
('c197ec19-6bc5-4b99-9905-cad0969ab981'::uuid, '0420998a-6eb1-5bf9-a894-9105aa1bce90'::uuid, 'TRANSPORT', 1000.00, 0.00, 'ad2ce19e-8670-4081-9b75-978b1c214fa7'::uuid),
('4909adc9-1cdb-4f93-99cf-0f6b017e7d7f'::uuid, '0420998a-6eb1-5bf9-a894-9105aa1bce90'::uuid, 'TRAVEL', 2000.00, 0.00, 'ad2ce19e-8670-4081-9b75-978b1c214fa7'::uuid),
('011c8671-dbd3-4370-a4b1-3d540ba8680c'::uuid, '0420998a-6eb1-5bf9-a894-9105aa1bce90'::uuid, 'BILLS', 2000.00, 0.00, 'ad2ce19e-8670-4081-9b75-978b1c214fa7'::uuid),
('336ae24d-bfd3-4105-a1fa-6d6f70544377'::uuid, '0420998a-6eb1-5bf9-a894-9105aa1bce90'::uuid, 'RENT', 2000.00, 0.00, 'ad2ce19e-8670-4081-9b75-978b1c214fa7'::uuid),
('17d1b4e8-7887-40ef-8792-49534bfbffe4'::uuid, '767329bf-911b-5b84-811d-fd546395d1da'::uuid, 'TRAVEL', 2113.70, 2760.85, 'ad2ce19e-8670-4081-9b75-978b1c214fa7'::uuid),
('aa813b4e-cde8-48aa-ae94-a01cd51f6ff9'::uuid, '767329bf-911b-5b84-811d-fd546395d1da'::uuid, 'BILLS', 2000.00, 0.00, 'ad2ce19e-8670-4081-9b75-978b1c214fa7'::uuid),
('b945a66e-750d-4352-89de-82f36abc2345'::uuid, '767329bf-911b-5b84-811d-fd546395d1da'::uuid, 'GROCERY', 2000.00, 0.00, 'ad2ce19e-8670-4081-9b75-978b1c214fa7'::uuid),
('7ce8a210-dd29-42fb-b271-02de1d1dbc95'::uuid, '767329bf-911b-5b84-811d-fd546395d1da'::uuid, 'RENT', 1000.00, 0.00, 'ad2ce19e-8670-4081-9b75-978b1c214fa7'::uuid),
('38cfeece-052a-46e8-85d7-2fab4ce990da'::uuid, '767329bf-911b-5b84-811d-fd546395d1da'::uuid, 'ENTERTAINMENT', 1500.00, 0.00, 'ad2ce19e-8670-4081-9b75-978b1c214fa7'::uuid),
('4011c7ac-b5fa-4133-9611-7b49140e2e2d'::uuid, '767329bf-911b-5b84-811d-fd546395d1da'::uuid, 'TRANSPORT', 2000.00, 0.00, 'ad2ce19e-8670-4081-9b75-978b1c214fa7'::uuid),
('cdc8cec5-0491-4862-a28b-2dc62a81080a'::uuid, 'ea620698-d4c0-5fa5-8822-6faf49577264'::uuid, 'ENTERTAINMENT', 3215.35, 4987.38, 'ad2ce19e-8670-4081-9b75-978b1c214fa7'::uuid),
('0148e792-c13c-4171-ac3d-2500322d8fd7'::uuid, 'ea620698-d4c0-5fa5-8822-6faf49577264'::uuid, 'RENT', 1453.86, 2262.21, 'ad2ce19e-8670-4081-9b75-978b1c214fa7'::uuid),
('cdf8410e-5be3-42d0-9cfb-79125abe8bcf'::uuid, 'ea620698-d4c0-5fa5-8822-6faf49577264'::uuid, 'BILLS', 1500.00, 0.00, 'ad2ce19e-8670-4081-9b75-978b1c214fa7'::uuid),
('06676889-d409-4152-8fbd-131afafd6c5c'::uuid, 'ea620698-d4c0-5fa5-8822-6faf49577264'::uuid, 'TRAVEL', 1500.00, 0.00, 'ad2ce19e-8670-4081-9b75-978b1c214fa7'::uuid),
('c4c3256f-0e37-4170-897f-3b2ed0137cba'::uuid, 'ea620698-d4c0-5fa5-8822-6faf49577264'::uuid, 'SHOPPING', 2000.00, 0.00, 'ad2ce19e-8670-4081-9b75-978b1c214fa7'::uuid),
('de563f73-0ede-487a-956c-74c1519e737b'::uuid, 'ea620698-d4c0-5fa5-8822-6faf49577264'::uuid, 'EDUCATION', 2000.00, 0.00, 'ad2ce19e-8670-4081-9b75-978b1c214fa7'::uuid),
('fb8c4b26-6222-4454-a517-d0e49522aac8'::uuid, '08183568-df27-5e3c-96b5-0ccbad1f01c7'::uuid, 'DINING', 445.55, 610.67, 'ad2ce19e-8670-4081-9b75-978b1c214fa7'::uuid),
('76d7cecb-936f-4fa4-ba04-7a6ae4f7edfa'::uuid, '08183568-df27-5e3c-96b5-0ccbad1f01c7'::uuid, 'ENTERTAINMENT', 688.69, 605.37, 'ad2ce19e-8670-4081-9b75-978b1c214fa7'::uuid),
('457e1817-fb51-459f-adac-d5180517e387'::uuid, '08183568-df27-5e3c-96b5-0ccbad1f01c7'::uuid, 'RENT', 993.80, 1118.42, 'ad2ce19e-8670-4081-9b75-978b1c214fa7'::uuid),
('9ad1c64a-874a-4cb9-ab07-7a33c58c4472'::uuid, '08183568-df27-5e3c-96b5-0ccbad1f01c7'::uuid, 'BILLS', 500.00, 0.00, 'ad2ce19e-8670-4081-9b75-978b1c214fa7'::uuid),
('d476c93a-88fb-4bf9-8181-2999f86868e1'::uuid, '08183568-df27-5e3c-96b5-0ccbad1f01c7'::uuid, 'EDUCATION', 1500.00, 0.00, 'ad2ce19e-8670-4081-9b75-978b1c214fa7'::uuid),
('144dcfbd-9f37-49c7-bc14-0c01ec24e5f7'::uuid, '08183568-df27-5e3c-96b5-0ccbad1f01c7'::uuid, 'TRAVEL', 1000.00, 0.00, 'ad2ce19e-8670-4081-9b75-978b1c214fa7'::uuid),
('283eeecb-e1c6-48bf-a4e4-85213d6d8f9b'::uuid, '52dd11d9-b5ac-5751-bf23-dbae8cbfb701'::uuid, 'HEALTH', 725.18, 934.99, '04f6122b-9e3c-40b5-affd-ae8c628485f2'::uuid),
('a58c1ad0-7b2d-4b1b-a559-28ab1c4a5a9a'::uuid, '52dd11d9-b5ac-5751-bf23-dbae8cbfb701'::uuid, 'TRANSPORT', 4039.16, 3305.09, '04f6122b-9e3c-40b5-affd-ae8c628485f2'::uuid),
('8f59f023-420f-4e04-95cc-601bce8f6750'::uuid, '52dd11d9-b5ac-5751-bf23-dbae8cbfb701'::uuid, 'TRAVEL', 3859.23, 5478.84, '04f6122b-9e3c-40b5-affd-ae8c628485f2'::uuid),
('bf7ea4a2-43f6-4204-9696-ed86628e293f'::uuid, '52dd11d9-b5ac-5751-bf23-dbae8cbfb701'::uuid, 'DINING', 500.00, 0.00, '04f6122b-9e3c-40b5-affd-ae8c628485f2'::uuid),
('e6884295-7ef7-4eab-88f6-a9c99bbb134d'::uuid, '52dd11d9-b5ac-5751-bf23-dbae8cbfb701'::uuid, 'EDUCATION', 1500.00, 0.00, '04f6122b-9e3c-40b5-affd-ae8c628485f2'::uuid),
('706cd9cd-fa6f-4cfc-be3f-69417b482fc4'::uuid, '52dd11d9-b5ac-5751-bf23-dbae8cbfb701'::uuid, 'BILLS', 2000.00, 0.00, '04f6122b-9e3c-40b5-affd-ae8c628485f2'::uuid),
('58aa5ada-4b56-4b18-9367-f949869fc5c2'::uuid, '30a33a48-0a2f-5363-a040-d75b3b6e87b7'::uuid, 'BILLS', 6183.70, 5330.40, '04f6122b-9e3c-40b5-affd-ae8c628485f2'::uuid),
('6a481001-38f5-4deb-93b4-a1c945f85be3'::uuid, '30a33a48-0a2f-5363-a040-d75b3b6e87b7'::uuid, 'HEALTH', 2111.62, 1519.63, '04f6122b-9e3c-40b5-affd-ae8c628485f2'::uuid),
('a3d0c37b-9d33-47d6-8e89-2609c20584b5'::uuid, '30a33a48-0a2f-5363-a040-d75b3b6e87b7'::uuid, 'TRAVEL', 4227.95, 3437.05, '04f6122b-9e3c-40b5-affd-ae8c628485f2'::uuid),
('9dcb34f5-a988-4bbe-9958-c669825e28a9'::uuid, '30a33a48-0a2f-5363-a040-d75b3b6e87b7'::uuid, 'SHOPPING', 2000.00, 0.00, '04f6122b-9e3c-40b5-affd-ae8c628485f2'::uuid),
('ffcb4839-5733-4427-9628-ffaaa643eaf5'::uuid, '30a33a48-0a2f-5363-a040-d75b3b6e87b7'::uuid, 'EDUCATION', 1000.00, 0.00, '04f6122b-9e3c-40b5-affd-ae8c628485f2'::uuid),
('4b58af67-c520-41a3-9e4e-d088076b5a6d'::uuid, '30a33a48-0a2f-5363-a040-d75b3b6e87b7'::uuid, 'GROCERY', 2000.00, 0.00, '04f6122b-9e3c-40b5-affd-ae8c628485f2'::uuid),
('77101bec-9a85-4f28-bf90-7e3d36c97719'::uuid, '24c3abe9-53ae-5c76-8b4a-cd550234f274'::uuid, 'RENT', 1038.82, 1513.41, '04f6122b-9e3c-40b5-affd-ae8c628485f2'::uuid),
('ec36ee46-92ae-4b69-971f-140586051d6f'::uuid, '24c3abe9-53ae-5c76-8b4a-cd550234f274'::uuid, 'DINING', 2000.00, 0.00, '04f6122b-9e3c-40b5-affd-ae8c628485f2'::uuid),
('069f8eab-ed42-407e-a2c0-e515e5143cc7'::uuid, '24c3abe9-53ae-5c76-8b4a-cd550234f274'::uuid, 'GROCERY', 1000.00, 0.00, '04f6122b-9e3c-40b5-affd-ae8c628485f2'::uuid),
('790e2046-f7e7-407d-844c-54c004a748a1'::uuid, '24c3abe9-53ae-5c76-8b4a-cd550234f274'::uuid, 'ENTERTAINMENT', 1500.00, 0.00, '04f6122b-9e3c-40b5-affd-ae8c628485f2'::uuid),
('bf82b3fd-8427-432d-8a87-f27398626997'::uuid, '24c3abe9-53ae-5c76-8b4a-cd550234f274'::uuid, 'BILLS', 2000.00, 0.00, '04f6122b-9e3c-40b5-affd-ae8c628485f2'::uuid),
('c358b829-29c7-4ebb-8054-8f4e472cbb8a'::uuid, '24c3abe9-53ae-5c76-8b4a-cd550234f274'::uuid, 'EDUCATION', 500.00, 0.00, '04f6122b-9e3c-40b5-affd-ae8c628485f2'::uuid),
('c2370027-6539-44f2-916b-b2145290540d'::uuid, 'aa2dbaaa-cadd-5bd0-bbcb-ab419adfcd78'::uuid, 'EDUCATION', 444.86, 388.29, '04f6122b-9e3c-40b5-affd-ae8c628485f2'::uuid),
('ac052377-e1f2-43e5-8681-f8983efd69ad'::uuid, 'aa2dbaaa-cadd-5bd0-bbcb-ab419adfcd78'::uuid, 'SHOPPING', 14524.46, 3667.34, '04f6122b-9e3c-40b5-affd-ae8c628485f2'::uuid),
('1970c70f-eae1-4d2e-9882-e05f4a4ee4e9'::uuid, 'aa2dbaaa-cadd-5bd0-bbcb-ab419adfcd78'::uuid, 'DINING', 1000.00, 0.00, '04f6122b-9e3c-40b5-affd-ae8c628485f2'::uuid),
('043fd5e6-dabd-43f0-9441-a8b3cc388a2c'::uuid, 'aa2dbaaa-cadd-5bd0-bbcb-ab419adfcd78'::uuid, 'RENT', 1000.00, 0.00, '04f6122b-9e3c-40b5-affd-ae8c628485f2'::uuid),
('60d43c77-ae48-4734-ab51-12c643b05a3b'::uuid, 'aa2dbaaa-cadd-5bd0-bbcb-ab419adfcd78'::uuid, 'TRANSPORT', 1500.00, 0.00, '04f6122b-9e3c-40b5-affd-ae8c628485f2'::uuid),
('7affadf9-d406-4150-9388-c07c192923d6'::uuid, 'aa2dbaaa-cadd-5bd0-bbcb-ab419adfcd78'::uuid, 'BILLS', 2000.00, 0.00, '04f6122b-9e3c-40b5-affd-ae8c628485f2'::uuid),
('0dd6352f-99c3-4709-852c-31ff9b354725'::uuid, '16d0d171-6fbf-54b1-8b9d-c71afa821f98'::uuid, 'EDUCATION', 2308.43, 797.91, '04f6122b-9e3c-40b5-affd-ae8c628485f2'::uuid),
('41b41630-e240-47fa-a391-a3311b279c4a'::uuid, '16d0d171-6fbf-54b1-8b9d-c71afa821f98'::uuid, 'HEALTH', 1500.00, 0.00, '04f6122b-9e3c-40b5-affd-ae8c628485f2'::uuid),
('65f8f06f-53b5-4666-a7ba-7e93b4defa0f'::uuid, '16d0d171-6fbf-54b1-8b9d-c71afa821f98'::uuid, 'BILLS', 2000.00, 0.00, '04f6122b-9e3c-40b5-affd-ae8c628485f2'::uuid),
('4cc721a8-5540-4dc6-a43d-000941492ed8'::uuid, '16d0d171-6fbf-54b1-8b9d-c71afa821f98'::uuid, 'GROCERY', 1500.00, 0.00, '04f6122b-9e3c-40b5-affd-ae8c628485f2'::uuid),
('32546839-49ab-421d-88a8-2a4f8bf443ca'::uuid, '16d0d171-6fbf-54b1-8b9d-c71afa821f98'::uuid, 'TRAVEL', 1000.00, 0.00, '04f6122b-9e3c-40b5-affd-ae8c628485f2'::uuid),
('c0c2fc30-f1d0-4680-8485-5bfdcee21ebe'::uuid, '16d0d171-6fbf-54b1-8b9d-c71afa821f98'::uuid, 'DINING', 1000.00, 0.00, '04f6122b-9e3c-40b5-affd-ae8c628485f2'::uuid),
('84565b1d-3584-454b-876d-423be9514941'::uuid, '0ec4a3e2-e703-55e6-9ecf-12608639c0f1'::uuid, 'BILLS', 6498.18, 1793.68, '04f6122b-9e3c-40b5-affd-ae8c628485f2'::uuid),
('23b5a203-229c-4731-be37-25d2d81a8f70'::uuid, '0ec4a3e2-e703-55e6-9ecf-12608639c0f1'::uuid, 'GROCERY', 499.89, 389.84, '04f6122b-9e3c-40b5-affd-ae8c628485f2'::uuid),
('2feb2535-23c3-417f-9da2-e54357bf6c0f'::uuid, '0ec4a3e2-e703-55e6-9ecf-12608639c0f1'::uuid, 'TRAVEL', 7594.93, 1917.12, '04f6122b-9e3c-40b5-affd-ae8c628485f2'::uuid),
('1ea114ae-24f4-4b9d-ba01-9fc2478722b7'::uuid, '0ec4a3e2-e703-55e6-9ecf-12608639c0f1'::uuid, 'SHOPPING', 500.00, 0.00, '04f6122b-9e3c-40b5-affd-ae8c628485f2'::uuid),
('a08aa31b-da4b-4fb1-90e3-5a86672e9a03'::uuid, '0ec4a3e2-e703-55e6-9ecf-12608639c0f1'::uuid, 'HEALTH', 1500.00, 0.00, '04f6122b-9e3c-40b5-affd-ae8c628485f2'::uuid),
('ceb0ddcf-bb93-4327-af5b-f83be099a870'::uuid, '0ec4a3e2-e703-55e6-9ecf-12608639c0f1'::uuid, 'DINING', 2000.00, 0.00, '04f6122b-9e3c-40b5-affd-ae8c628485f2'::uuid),
('9547c9b3-b140-423f-964e-51eb45e8b990'::uuid, '0983f9d6-df28-5798-aedc-f7d4da025630'::uuid, 'SHOPPING', 6630.53, 5183.45, '04f6122b-9e3c-40b5-affd-ae8c628485f2'::uuid),
('cf4d0e71-4532-4bef-a30a-c2c0eeccbd33'::uuid, '0983f9d6-df28-5798-aedc-f7d4da025630'::uuid, 'RENT', 2000.00, 0.00, '04f6122b-9e3c-40b5-affd-ae8c628485f2'::uuid),
('a78b0b0d-4a26-40f9-9f36-6fb5e695c4f3'::uuid, '0983f9d6-df28-5798-aedc-f7d4da025630'::uuid, 'EDUCATION', 1500.00, 0.00, '04f6122b-9e3c-40b5-affd-ae8c628485f2'::uuid),
('def13910-724c-4fc9-b7a4-e2bb03ff89c8'::uuid, '0983f9d6-df28-5798-aedc-f7d4da025630'::uuid, 'DINING', 2000.00, 0.00, '04f6122b-9e3c-40b5-affd-ae8c628485f2'::uuid),
('d6cb41fe-52d3-4826-97d4-d8a7b5e6351b'::uuid, '0983f9d6-df28-5798-aedc-f7d4da025630'::uuid, 'GROCERY', 1500.00, 0.00, '04f6122b-9e3c-40b5-affd-ae8c628485f2'::uuid),
('607bd19f-b5e5-4ba7-a97e-abb02942ca77'::uuid, '0983f9d6-df28-5798-aedc-f7d4da025630'::uuid, 'TRANSPORT', 2000.00, 0.00, '04f6122b-9e3c-40b5-affd-ae8c628485f2'::uuid),
('a6d63291-3e5d-44bf-8b59-e91677c5a140'::uuid, 'fe96762a-c722-5201-879f-b79ea54e09fd'::uuid, 'GROCERY', 1035.31, 1285.59, '7ee0fea8-fd6f-4098-a856-145532271afa'::uuid),
('bb64496d-4ea5-400e-a5a4-82a20767c4b6'::uuid, 'fe96762a-c722-5201-879f-b79ea54e09fd'::uuid, 'HEALTH', 1000.00, 0.00, '7ee0fea8-fd6f-4098-a856-145532271afa'::uuid),
('328dfac6-5696-4d36-a505-50cb9cb747c5'::uuid, 'fe96762a-c722-5201-879f-b79ea54e09fd'::uuid, 'DINING', 2000.00, 0.00, '7ee0fea8-fd6f-4098-a856-145532271afa'::uuid),
('1511922f-ad6e-49dc-a222-2c53f21aabaa'::uuid, 'fe96762a-c722-5201-879f-b79ea54e09fd'::uuid, 'EDUCATION', 500.00, 0.00, '7ee0fea8-fd6f-4098-a856-145532271afa'::uuid),
('78e4df57-50e5-4a6d-b485-a5e10adf0de4'::uuid, 'fe96762a-c722-5201-879f-b79ea54e09fd'::uuid, 'TRAVEL', 1500.00, 0.00, '7ee0fea8-fd6f-4098-a856-145532271afa'::uuid),
('5d7e54a8-14b6-4dc1-8197-158e6d98e977'::uuid, 'fe96762a-c722-5201-879f-b79ea54e09fd'::uuid, 'RENT', 500.00, 0.00, '7ee0fea8-fd6f-4098-a856-145532271afa'::uuid),
('d036faf0-d142-4698-b63c-b00a7a3c4feb'::uuid, 'f1d7f58f-b2a9-5a8e-960a-4f953d81f9dc'::uuid, 'GROCERY', 4040.27, 3237.20, '7ee0fea8-fd6f-4098-a856-145532271afa'::uuid),
('0a9d1c36-fb6c-4db0-8103-3fc2f4f51ff8'::uuid, 'f1d7f58f-b2a9-5a8e-960a-4f953d81f9dc'::uuid, 'HEALTH', 1000.00, 0.00, '7ee0fea8-fd6f-4098-a856-145532271afa'::uuid),
('fc9af5a7-de05-474d-b356-29aacceed25a'::uuid, 'f1d7f58f-b2a9-5a8e-960a-4f953d81f9dc'::uuid, 'BILLS', 2000.00, 0.00, '7ee0fea8-fd6f-4098-a856-145532271afa'::uuid),
('b05744cd-d6d4-41c0-bf11-a2f303aff4e8'::uuid, 'f1d7f58f-b2a9-5a8e-960a-4f953d81f9dc'::uuid, 'SHOPPING', 1000.00, 0.00, '7ee0fea8-fd6f-4098-a856-145532271afa'::uuid),
('e0a5e38c-2f79-4680-9a00-84578ef12216'::uuid, 'f1d7f58f-b2a9-5a8e-960a-4f953d81f9dc'::uuid, 'TRANSPORT', 1000.00, 0.00, '7ee0fea8-fd6f-4098-a856-145532271afa'::uuid),
('b15bb0f5-ce56-4a84-98fd-942f7493c6b8'::uuid, 'f1d7f58f-b2a9-5a8e-960a-4f953d81f9dc'::uuid, 'ENTERTAINMENT', 1500.00, 0.00, '7ee0fea8-fd6f-4098-a856-145532271afa'::uuid),
('c7dfb3e7-1298-44c2-aac3-b0f703e08dc0'::uuid, '3945c4b7-90a0-53ff-be19-206f8173ed2a'::uuid, 'EDUCATION', 11027.47, 3762.99, '7ee0fea8-fd6f-4098-a856-145532271afa'::uuid),
('df19fa50-a08a-4712-af81-91e88546be73'::uuid, '3945c4b7-90a0-53ff-be19-206f8173ed2a'::uuid, 'ENTERTAINMENT', 1684.73, 2205.20, '7ee0fea8-fd6f-4098-a856-145532271afa'::uuid),
('7edf0d96-d562-484d-b4cb-e9d31d8ddb62'::uuid, '3945c4b7-90a0-53ff-be19-206f8173ed2a'::uuid, 'SHOPPING', 1348.41, 1526.09, '7ee0fea8-fd6f-4098-a856-145532271afa'::uuid),
('b9bdf7a6-f238-49a8-bab8-2093c0d9ad37'::uuid, '3945c4b7-90a0-53ff-be19-206f8173ed2a'::uuid, 'DINING', 1500.00, 0.00, '7ee0fea8-fd6f-4098-a856-145532271afa'::uuid),
('d6d127e9-4ec7-4327-a3ca-26bd3766f697'::uuid, '3945c4b7-90a0-53ff-be19-206f8173ed2a'::uuid, 'BILLS', 2000.00, 0.00, '7ee0fea8-fd6f-4098-a856-145532271afa'::uuid),
('e39c316f-637c-4b56-b09b-8297b705a8cc'::uuid, '3945c4b7-90a0-53ff-be19-206f8173ed2a'::uuid, 'GROCERY', 2000.00, 0.00, '7ee0fea8-fd6f-4098-a856-145532271afa'::uuid),
('4820361f-85de-4373-b5e7-841f81b99cd4'::uuid, '7ac2f213-0dbf-5b9d-a329-76168900b97a'::uuid, 'BILLS', 4181.76, 5419.76, '7ee0fea8-fd6f-4098-a856-145532271afa'::uuid),
('c30d6594-8e38-4475-9f3a-b18b81950615'::uuid, '7ac2f213-0dbf-5b9d-a329-76168900b97a'::uuid, 'GROCERY', 2873.71, 2056.41, '7ee0fea8-fd6f-4098-a856-145532271afa'::uuid),
('66ae9bfc-aaeb-4c11-a64e-ef5a1997112f'::uuid, '7ac2f213-0dbf-5b9d-a329-76168900b97a'::uuid, 'ENTERTAINMENT', 2000.00, 0.00, '7ee0fea8-fd6f-4098-a856-145532271afa'::uuid),
('a8c4bffd-ff75-44a0-a688-add3d0a98de3'::uuid, '7ac2f213-0dbf-5b9d-a329-76168900b97a'::uuid, 'SHOPPING', 500.00, 0.00, '7ee0fea8-fd6f-4098-a856-145532271afa'::uuid),
('58fec022-4a63-4d64-93a3-2a1e2d53d2e7'::uuid, '7ac2f213-0dbf-5b9d-a329-76168900b97a'::uuid, 'DINING', 2000.00, 0.00, '7ee0fea8-fd6f-4098-a856-145532271afa'::uuid),
('59564a13-b6bc-408f-9567-c554fb4ae277'::uuid, '7ac2f213-0dbf-5b9d-a329-76168900b97a'::uuid, 'RENT', 1500.00, 0.00, '7ee0fea8-fd6f-4098-a856-145532271afa'::uuid),
('f323d6a9-db93-45f0-a01b-374374e86104'::uuid, '04d5450f-d20d-51df-97b4-b66f3715e870'::uuid, 'RENT', 7107.17, 5202.18, '7ee0fea8-fd6f-4098-a856-145532271afa'::uuid),
('0f3d6506-cb90-44c3-8b69-f4f541816a0b'::uuid, '04d5450f-d20d-51df-97b4-b66f3715e870'::uuid, 'ENTERTAINMENT', 1500.00, 0.00, '7ee0fea8-fd6f-4098-a856-145532271afa'::uuid),
('726ca728-9a04-4b02-bc24-cefe503da8fd'::uuid, '04d5450f-d20d-51df-97b4-b66f3715e870'::uuid, 'TRAVEL', 500.00, 0.00, '7ee0fea8-fd6f-4098-a856-145532271afa'::uuid),
('6ee4d099-24a9-4f42-aa00-92fb34449b85'::uuid, '04d5450f-d20d-51df-97b4-b66f3715e870'::uuid, 'HEALTH', 1000.00, 0.00, '7ee0fea8-fd6f-4098-a856-145532271afa'::uuid),
('e28e1745-c0ab-4873-9d00-865ff45295ba'::uuid, '04d5450f-d20d-51df-97b4-b66f3715e870'::uuid, 'BILLS', 1500.00, 0.00, '7ee0fea8-fd6f-4098-a856-145532271afa'::uuid),
('6d47a7c9-d44d-4e3f-999f-b9a0e16c6148'::uuid, '04d5450f-d20d-51df-97b4-b66f3715e870'::uuid, 'TRANSPORT', 2000.00, 0.00, '7ee0fea8-fd6f-4098-a856-145532271afa'::uuid),
('54ea5d40-2125-422f-9712-da139a5b359f'::uuid, '3407c32d-9653-5295-a909-bac6140ee735'::uuid, 'TRANSPORT', 7952.45, 3070.11, '7ee0fea8-fd6f-4098-a856-145532271afa'::uuid),
('63814988-2a5c-4c70-827e-6161120a11cc'::uuid, '3407c32d-9653-5295-a909-bac6140ee735'::uuid, 'ENTERTAINMENT', 500.00, 0.00, '7ee0fea8-fd6f-4098-a856-145532271afa'::uuid),
('c0105fb8-e0d3-4f8b-adac-fe6445a567ab'::uuid, '3407c32d-9653-5295-a909-bac6140ee735'::uuid, 'EDUCATION', 500.00, 0.00, '7ee0fea8-fd6f-4098-a856-145532271afa'::uuid),
('d8e777da-2baa-47c9-bc93-fea4bf83a56e'::uuid, '3407c32d-9653-5295-a909-bac6140ee735'::uuid, 'HEALTH', 1000.00, 0.00, '7ee0fea8-fd6f-4098-a856-145532271afa'::uuid),
('bacd0fec-7d27-48a5-983b-0e57b99fc7af'::uuid, '3407c32d-9653-5295-a909-bac6140ee735'::uuid, 'BILLS', 2000.00, 0.00, '7ee0fea8-fd6f-4098-a856-145532271afa'::uuid),
('cddc58e0-8a40-402b-b1ea-3f7b563c3b67'::uuid, '3407c32d-9653-5295-a909-bac6140ee735'::uuid, 'DINING', 1500.00, 0.00, '7ee0fea8-fd6f-4098-a856-145532271afa'::uuid),
('6d504d50-aecc-411e-964c-ab8852a05c57'::uuid, '2e356d44-1c69-5225-8027-50d91d9c1959'::uuid, 'TRANSPORT', 259.17, 214.34, '7ee0fea8-fd6f-4098-a856-145532271afa'::uuid),
('68b720b8-8f54-47d6-b0a8-ef59546f273c'::uuid, '2e356d44-1c69-5225-8027-50d91d9c1959'::uuid, 'TRAVEL', 6552.09, 5097.64, '7ee0fea8-fd6f-4098-a856-145532271afa'::uuid),
('c83121d2-19ce-4398-ad02-a99c8224df82'::uuid, '2e356d44-1c69-5225-8027-50d91d9c1959'::uuid, 'RENT', 1500.00, 0.00, '7ee0fea8-fd6f-4098-a856-145532271afa'::uuid),
('62e080ae-63e6-4def-a16b-bc9915c5d68d'::uuid, '2e356d44-1c69-5225-8027-50d91d9c1959'::uuid, 'SHOPPING', 1000.00, 0.00, '7ee0fea8-fd6f-4098-a856-145532271afa'::uuid),
('5a765604-cfb9-49f9-88e9-40ca810855d6'::uuid, '2e356d44-1c69-5225-8027-50d91d9c1959'::uuid, 'GROCERY', 1500.00, 0.00, '7ee0fea8-fd6f-4098-a856-145532271afa'::uuid),
('04eab1e1-e041-4d90-bb2e-d5b8b1d4663f'::uuid, '2e356d44-1c69-5225-8027-50d91d9c1959'::uuid, 'BILLS', 1000.00, 0.00, '7ee0fea8-fd6f-4098-a856-145532271afa'::uuid);

-- transactions
-- transactions
INSERT INTO transactions (id, title, amount_try, date, category, transaction_type, payment_method, is_installment, total_try, months, start_month, user_profile_id) VALUES
('c6ebceff-2f97-45ec-a302-ec613c67c024'::uuid, 'Maaş', 28279.33, '2025-09-01', 'SALARY', 'INCOME', 'TRANSFER', FALSE, NULL, NULL, NULL, 'ee710eb4-0a40-4ba3-8591-eb1bb15f6161'::uuid),
('42dd523b-2ba6-4799-9af8-08b51caee404'::uuid, 'Maaş', 33143.13, '2025-10-01', 'SALARY', 'INCOME', 'TRANSFER', FALSE, NULL, NULL, NULL, 'ee710eb4-0a40-4ba3-8591-eb1bb15f6161'::uuid),
('a6200c0e-347f-4ad1-be0b-2d15a39fb77b'::uuid, 'Maaş', 46070.66, '2025-11-01', 'SALARY', 'INCOME', 'TRANSFER', FALSE, NULL, NULL, NULL, 'ee710eb4-0a40-4ba3-8591-eb1bb15f6161'::uuid),
('f8fd580e-2e30-485d-b22d-a5943fe0d34a'::uuid, 'Maaş', 44643.58, '2025-12-01', 'SALARY', 'INCOME', 'TRANSFER', FALSE, NULL, NULL, NULL, 'ee710eb4-0a40-4ba3-8591-eb1bb15f6161'::uuid),
('a47a4a60-cd31-4d60-84b0-cb02c85ad959'::uuid, 'Maaş', 50060.69, '2026-01-01', 'SALARY', 'INCOME', 'TRANSFER', FALSE, NULL, NULL, NULL, 'ee710eb4-0a40-4ba3-8591-eb1bb15f6161'::uuid),
('0000a2a7-0c48-4c85-8c5a-f75a2b5fae11'::uuid, 'Maaş', 49546.37, '2026-02-01', 'SALARY', 'INCOME', 'TRANSFER', FALSE, NULL, NULL, NULL, 'ee710eb4-0a40-4ba3-8591-eb1bb15f6161'::uuid),
('8b8fbd19-04b7-4b29-9260-50c5cafb5c7f'::uuid, 'Maaş', 39683.19, '2026-03-01', 'SALARY', 'INCOME', 'TRANSFER', FALSE, NULL, NULL, NULL, 'ee710eb4-0a40-4ba3-8591-eb1bb15f6161'::uuid),
('fcc3e006-6d7d-46be-a48e-113c56324e7d'::uuid, 'Market', 4192.74, '2025-12-19', 'BILLS', 'EXPENSE', 'CARD', FALSE, NULL, NULL, NULL, 'ee710eb4-0a40-4ba3-8591-eb1bb15f6161'::uuid),
('c80e76b7-f89c-4873-850c-34c61f5aa0ad'::uuid, 'Fatura', 922.70, '2026-02-14', 'HEALTH', 'EXPENSE', 'CASH', FALSE, NULL, NULL, NULL, 'ee710eb4-0a40-4ba3-8591-eb1bb15f6161'::uuid),
('d4612f54-a961-4b6b-a384-50ce4ba96747'::uuid, 'Kira', 2025.67, '2025-09-03', 'SHOPPING', 'EXPENSE', 'CASH', FALSE, NULL, NULL, NULL, 'ee710eb4-0a40-4ba3-8591-eb1bb15f6161'::uuid),
('d486c491-016f-4394-98a9-7470b61b4d60'::uuid, 'Eğlence', 2986.36, '2026-01-09', 'GROCERY', 'EXPENSE', 'CASH', FALSE, NULL, NULL, NULL, 'ee710eb4-0a40-4ba3-8591-eb1bb15f6161'::uuid),
('76db8f67-0876-4f07-90ae-53704467f190'::uuid, 'Seyahat (Taksit)', 4879.15, '2025-09-18', 'BILLS', 'EXPENSE', 'CARD', TRUE, 14637.45, 3, '2025-09', 'ee710eb4-0a40-4ba3-8591-eb1bb15f6161'::uuid),
('e653e173-7fb5-40ef-b3dc-2b08052e2bcf'::uuid, 'Market (Taksit)', 3664.05, '2026-01-07', 'RENT', 'EXPENSE', 'CARD', TRUE, 21984.30, 6, '2026-01', 'ee710eb4-0a40-4ba3-8591-eb1bb15f6161'::uuid),
('8a00a08c-202f-4fb9-bb75-f77f5a1cc8b0'::uuid, 'Kira', 2140.28, '2025-09-28', 'ENTERTAINMENT', 'EXPENSE', 'CASH', FALSE, NULL, NULL, NULL, 'ee710eb4-0a40-4ba3-8591-eb1bb15f6161'::uuid),
('750a28e5-60dc-4499-8660-0cc451cdae42'::uuid, 'Ulaşım', 2086.38, '2026-02-27', 'HEALTH', 'EXPENSE', 'CARD', FALSE, NULL, NULL, NULL, 'ee710eb4-0a40-4ba3-8591-eb1bb15f6161'::uuid),
('32f8139f-85ac-490d-9b44-ca2287ea9117'::uuid, 'Maaş', 34448.17, '2025-09-01', 'SALARY', 'INCOME', 'TRANSFER', FALSE, NULL, NULL, NULL, '1ac0c76d-dbc5-4fd7-9d52-e202bca36232'::uuid),
('d16bb63d-8ad3-44c8-8328-a5926e1ad8da'::uuid, 'Maaş', 57388.69, '2025-10-01', 'SALARY', 'INCOME', 'TRANSFER', FALSE, NULL, NULL, NULL, '1ac0c76d-dbc5-4fd7-9d52-e202bca36232'::uuid),
('e8e52490-eea0-4966-966a-acf399b765b6'::uuid, 'Maaş', 49085.67, '2025-11-01', 'SALARY', 'INCOME', 'TRANSFER', FALSE, NULL, NULL, NULL, '1ac0c76d-dbc5-4fd7-9d52-e202bca36232'::uuid),
('dce8a099-25cf-4515-a706-431d70a135bd'::uuid, 'Maaş', 32686.53, '2025-12-01', 'SALARY', 'INCOME', 'TRANSFER', FALSE, NULL, NULL, NULL, '1ac0c76d-dbc5-4fd7-9d52-e202bca36232'::uuid),
('f04136b6-0335-418c-86e0-faa8c9ee697f'::uuid, 'Maaş', 36349.90, '2026-01-01', 'SALARY', 'INCOME', 'TRANSFER', FALSE, NULL, NULL, NULL, '1ac0c76d-dbc5-4fd7-9d52-e202bca36232'::uuid),
('346051c9-bdcf-4eaf-8214-f8e452761ea6'::uuid, 'Maaş', 51890.98, '2026-02-01', 'SALARY', 'INCOME', 'TRANSFER', FALSE, NULL, NULL, NULL, '1ac0c76d-dbc5-4fd7-9d52-e202bca36232'::uuid),
('0a68ff55-551a-40ac-88a9-8cbbb15e777c'::uuid, 'Maaş', 26957.83, '2026-03-01', 'SALARY', 'INCOME', 'TRANSFER', FALSE, NULL, NULL, NULL, '1ac0c76d-dbc5-4fd7-9d52-e202bca36232'::uuid),
('f8c31dde-25ce-4bb6-a3cb-87e77e8a7ec9'::uuid, 'Alışveriş', 1531.16, '2026-03-02', 'HEALTH', 'EXPENSE', 'CARD', FALSE, NULL, NULL, NULL, '1ac0c76d-dbc5-4fd7-9d52-e202bca36232'::uuid),
('e7c2b21b-48f6-4637-9392-58118357806c'::uuid, 'Yemek', 3632.48, '2026-01-23', 'HEALTH', 'EXPENSE', 'CASH', FALSE, NULL, NULL, NULL, '1ac0c76d-dbc5-4fd7-9d52-e202bca36232'::uuid),
('fc804f62-f25b-4eaf-b4fb-af8e891aff37'::uuid, 'Fatura', 836.80, '2026-02-15', 'TRANSPORT', 'EXPENSE', 'TRANSFER', FALSE, NULL, NULL, NULL, '1ac0c76d-dbc5-4fd7-9d52-e202bca36232'::uuid),
('31546fe7-ff20-4644-984c-adfc4082e4d1'::uuid, 'Seyahat', 2402.11, '2026-01-18', 'BILLS', 'EXPENSE', 'TRANSFER', FALSE, NULL, NULL, NULL, '1ac0c76d-dbc5-4fd7-9d52-e202bca36232'::uuid),
('e299b2e7-9a07-4de5-b574-76b89207a787'::uuid, 'Ulaşım (Taksit)', 2841.63, '2025-12-12', 'ENTERTAINMENT', 'EXPENSE', 'CARD', TRUE, 25574.67, 9, '2025-12', '1ac0c76d-dbc5-4fd7-9d52-e202bca36232'::uuid),
('a323bf92-f63e-437b-a80a-3d9e67a3d231'::uuid, 'Ulaşım', 3480.76, '2026-03-02', 'RENT', 'EXPENSE', 'TRANSFER', FALSE, NULL, NULL, NULL, '1ac0c76d-dbc5-4fd7-9d52-e202bca36232'::uuid),
('2433ae1d-245a-4653-9dc9-2c2bd6d92230'::uuid, 'Alışveriş', 2148.38, '2025-12-20', 'RENT', 'EXPENSE', 'CASH', FALSE, NULL, NULL, NULL, '1ac0c76d-dbc5-4fd7-9d52-e202bca36232'::uuid),
('6f8b10c2-37a6-40e6-8dba-2199e116b7eb'::uuid, 'Market', 3767.14, '2026-01-09', 'EDUCATION', 'EXPENSE', 'CARD', FALSE, NULL, NULL, NULL, '1ac0c76d-dbc5-4fd7-9d52-e202bca36232'::uuid),
('79665646-0c11-4318-af2e-3e2d0506ff47'::uuid, 'Sağlık', 684.61, '2026-02-18', 'BILLS', 'EXPENSE', 'CASH', FALSE, NULL, NULL, NULL, '1ac0c76d-dbc5-4fd7-9d52-e202bca36232'::uuid),
('2cdda993-0605-4e48-98c7-7186a20c2002'::uuid, 'Fatura (Taksit)', 5347.63, '2025-10-15', 'GROCERY', 'EXPENSE', 'CARD', TRUE, 16042.89, 3, '2025-10', '1ac0c76d-dbc5-4fd7-9d52-e202bca36232'::uuid),
('2147e107-08fc-4d74-bc1f-948f1abf810d'::uuid, 'Eğitim', 3380.62, '2026-01-04', 'BILLS', 'EXPENSE', 'CARD', FALSE, NULL, NULL, NULL, '1ac0c76d-dbc5-4fd7-9d52-e202bca36232'::uuid),
('cb56065b-a5c2-44ac-b533-b27a1cd85b0b'::uuid, 'Eğitim', 5247.97, '2025-11-25', 'TRANSPORT', 'EXPENSE', 'TRANSFER', FALSE, NULL, NULL, NULL, '1ac0c76d-dbc5-4fd7-9d52-e202bca36232'::uuid),
('4c677165-5fa3-4ea9-9110-82ad3d59b5e5'::uuid, 'Eğlence', 185.56, '2025-09-20', 'HEALTH', 'EXPENSE', 'CASH', FALSE, NULL, NULL, NULL, '1ac0c76d-dbc5-4fd7-9d52-e202bca36232'::uuid),
('fbf9854f-822e-4f0b-9ddd-8e2f2db01c3e'::uuid, 'Yemek', 393.95, '2026-03-26', 'BILLS', 'EXPENSE', 'TRANSFER', FALSE, NULL, NULL, NULL, '1ac0c76d-dbc5-4fd7-9d52-e202bca36232'::uuid),
('d42936c5-7c6d-400b-a0cb-18153ad8db00'::uuid, 'Maaş', 43468.58, '2025-09-01', 'SALARY', 'INCOME', 'TRANSFER', FALSE, NULL, NULL, NULL, 'ad2ce19e-8670-4081-9b75-978b1c214fa7'::uuid),
('96b74b57-13b7-4e87-8c0d-bd693df758a2'::uuid, 'Maaş', 46230.79, '2025-10-01', 'SALARY', 'INCOME', 'TRANSFER', FALSE, NULL, NULL, NULL, 'ad2ce19e-8670-4081-9b75-978b1c214fa7'::uuid),
('ec0f5b04-c710-420f-b7b2-b3061935e209'::uuid, 'Maaş', 58752.70, '2025-11-01', 'SALARY', 'INCOME', 'TRANSFER', FALSE, NULL, NULL, NULL, 'ad2ce19e-8670-4081-9b75-978b1c214fa7'::uuid),
('d86e3660-72e4-4f0e-88f0-fd614dd060cb'::uuid, 'Maaş', 57511.97, '2025-12-01', 'SALARY', 'INCOME', 'TRANSFER', FALSE, NULL, NULL, NULL, 'ad2ce19e-8670-4081-9b75-978b1c214fa7'::uuid),
('7bb1626e-05e2-459f-9757-2467d6fcb4da'::uuid, 'Maaş', 51434.28, '2026-01-01', 'SALARY', 'INCOME', 'TRANSFER', FALSE, NULL, NULL, NULL, 'ad2ce19e-8670-4081-9b75-978b1c214fa7'::uuid),
('d186383f-9082-406a-bf74-5800133e236a'::uuid, 'Maaş', 49145.37, '2026-02-01', 'SALARY', 'INCOME', 'TRANSFER', FALSE, NULL, NULL, NULL, 'ad2ce19e-8670-4081-9b75-978b1c214fa7'::uuid),
('36df9810-54f4-4a84-8947-e0984a96a271'::uuid, 'Maaş', 49953.21, '2026-03-01', 'SALARY', 'INCOME', 'TRANSFER', FALSE, NULL, NULL, NULL, 'ad2ce19e-8670-4081-9b75-978b1c214fa7'::uuid),
('95fcfe53-8643-4b63-b0c6-c2a73426912a'::uuid, 'Eğlence', 4955.91, '2025-12-22', 'HEALTH', 'EXPENSE', 'CASH', FALSE, NULL, NULL, NULL, 'ad2ce19e-8670-4081-9b75-978b1c214fa7'::uuid),
('67655d45-1bd7-43b2-b26d-f10af2147c6f'::uuid, 'Kira', 1912.42, '2025-09-08', 'ENTERTAINMENT', 'EXPENSE', 'TRANSFER', FALSE, NULL, NULL, NULL, 'ad2ce19e-8670-4081-9b75-978b1c214fa7'::uuid),
('49135b5b-b530-44d4-9198-727181de7222'::uuid, 'Yemek', 118.97, '2026-01-08', 'TRAVEL', 'EXPENSE', 'TRANSFER', FALSE, NULL, NULL, NULL, 'ad2ce19e-8670-4081-9b75-978b1c214fa7'::uuid),
('98117787-2e6d-4dc6-b85a-a218125df41d'::uuid, 'Kira (Taksit)', 4987.38, '2026-02-02', 'ENTERTAINMENT', 'EXPENSE', 'CARD', TRUE, 29924.28, 6, '2026-02', 'ad2ce19e-8670-4081-9b75-978b1c214fa7'::uuid),
('d41149ec-49c5-49d8-b310-f9afa4bca682'::uuid, 'Fatura (Taksit)', 3705.86, '2025-09-17', 'ENTERTAINMENT', 'EXPENSE', 'CARD', TRUE, 22235.16, 6, '2025-09', 'ad2ce19e-8670-4081-9b75-978b1c214fa7'::uuid),
('271291be-cba8-4c04-80dd-078313784dbc'::uuid, 'Seyahat', 2641.88, '2026-01-05', 'TRAVEL', 'EXPENSE', 'CASH', FALSE, NULL, NULL, NULL, 'ad2ce19e-8670-4081-9b75-978b1c214fa7'::uuid),
('1b31840f-347e-4f83-b6b4-a6d11110bf77'::uuid, 'Kira', 605.37, '2026-03-14', 'ENTERTAINMENT', 'EXPENSE', 'CASH', FALSE, NULL, NULL, NULL, 'ad2ce19e-8670-4081-9b75-978b1c214fa7'::uuid),
('76a2d04e-22d1-4afb-9116-792fb4ef8d85'::uuid, 'Eğlence', 4762.00, '2025-11-14', 'SHOPPING', 'EXPENSE', 'CARD', FALSE, NULL, NULL, NULL, 'ad2ce19e-8670-4081-9b75-978b1c214fa7'::uuid),
('fb36c4df-f61a-4d9e-80a4-d57058bbefb1'::uuid, 'Market', 2262.21, '2026-02-21', 'RENT', 'EXPENSE', 'CASH', FALSE, NULL, NULL, NULL, 'ad2ce19e-8670-4081-9b75-978b1c214fa7'::uuid),
('9c89fdb9-a7e1-4ed3-a998-989cd9b3c359'::uuid, 'Yemek', 1118.42, '2026-03-28', 'RENT', 'EXPENSE', 'TRANSFER', FALSE, NULL, NULL, NULL, 'ad2ce19e-8670-4081-9b75-978b1c214fa7'::uuid),
('e8f0a666-2465-4c65-9c37-a321ada1bc33'::uuid, 'Ulaşım', 1589.71, '2025-12-05', 'SHOPPING', 'EXPENSE', 'CARD', FALSE, NULL, NULL, NULL, 'ad2ce19e-8670-4081-9b75-978b1c214fa7'::uuid),
('21992c6e-280f-4a1d-ada8-22ba752589ec'::uuid, 'Eğitim', 610.67, '2026-03-03', 'DINING', 'EXPENSE', 'TRANSFER', FALSE, NULL, NULL, NULL, 'ad2ce19e-8670-4081-9b75-978b1c214fa7'::uuid),
('0f4ccb8c-8260-45f8-b863-74b0ce286b63'::uuid, 'Maaş', 32481.16, '2025-09-01', 'SALARY', 'INCOME', 'TRANSFER', FALSE, NULL, NULL, NULL, '04f6122b-9e3c-40b5-affd-ae8c628485f2'::uuid),
('ce375419-fbec-4203-9f36-fb1c6ebd6a67'::uuid, 'Maaş', 39036.41, '2025-10-01', 'SALARY', 'INCOME', 'TRANSFER', FALSE, NULL, NULL, NULL, '04f6122b-9e3c-40b5-affd-ae8c628485f2'::uuid),
('9c540ca5-6936-49fc-bcc8-92cf1c969844'::uuid, 'Maaş', 27052.24, '2025-11-01', 'SALARY', 'INCOME', 'TRANSFER', FALSE, NULL, NULL, NULL, '04f6122b-9e3c-40b5-affd-ae8c628485f2'::uuid),
('f66ae794-215e-4f1b-9716-3aae906d87ce'::uuid, 'Maaş', 38264.06, '2025-12-01', 'SALARY', 'INCOME', 'TRANSFER', FALSE, NULL, NULL, NULL, '04f6122b-9e3c-40b5-affd-ae8c628485f2'::uuid),
('d3210159-36d9-4823-9c94-a20de8e631dd'::uuid, 'Maaş', 59485.81, '2026-01-01', 'SALARY', 'INCOME', 'TRANSFER', FALSE, NULL, NULL, NULL, '04f6122b-9e3c-40b5-affd-ae8c628485f2'::uuid),
('e595fbc3-181d-4f61-a508-f6db32339004'::uuid, 'Maaş', 34282.11, '2026-02-01', 'SALARY', 'INCOME', 'TRANSFER', FALSE, NULL, NULL, NULL, '04f6122b-9e3c-40b5-affd-ae8c628485f2'::uuid),
('22b2b4b0-1250-4b24-842f-0246330dd3e2'::uuid, 'Maaş', 52442.47, '2026-03-01', 'SALARY', 'INCOME', 'TRANSFER', FALSE, NULL, NULL, NULL, '04f6122b-9e3c-40b5-affd-ae8c628485f2'::uuid),
('5e439524-cfd1-4022-8aa3-b92c660dd046'::uuid, 'Eğitim (Taksit)', 3667.34, '2025-12-10', 'SHOPPING', 'EXPENSE', 'CARD', TRUE, 33006.06, 9, '2025-12', '04f6122b-9e3c-40b5-affd-ae8c628485f2'::uuid),
('b88c4a27-2d3a-4af8-bb5a-a21a7e7f8031'::uuid, 'Yemek', 5330.40, '2025-10-07', 'BILLS', 'EXPENSE', 'TRANSFER', FALSE, NULL, NULL, NULL, '04f6122b-9e3c-40b5-affd-ae8c628485f2'::uuid),
('79b586d5-5f2c-49d0-88a9-04c0dd733e8a'::uuid, 'Sağlık', 389.84, '2026-02-18', 'GROCERY', 'EXPENSE', 'TRANSFER', FALSE, NULL, NULL, NULL, '04f6122b-9e3c-40b5-affd-ae8c628485f2'::uuid),
('27d8497e-752f-4da0-8aa4-f7752bc0080f'::uuid, 'Ulaşım', 388.29, '2025-12-17', 'EDUCATION', 'EXPENSE', 'TRANSFER', FALSE, NULL, NULL, NULL, '04f6122b-9e3c-40b5-affd-ae8c628485f2'::uuid),
('940823d1-f3eb-4e56-9600-f146a4d1f75a'::uuid, 'Kira (Taksit)', 3305.09, '2025-09-28', 'TRANSPORT', 'EXPENSE', 'CARD', TRUE, 9915.27, 3, '2025-09', '04f6122b-9e3c-40b5-affd-ae8c628485f2'::uuid),
('4fcb8de9-f2b5-43e3-b6c0-95a3bad06c95'::uuid, 'Kira', 5183.45, '2026-03-08', 'SHOPPING', 'EXPENSE', 'TRANSFER', FALSE, NULL, NULL, NULL, '04f6122b-9e3c-40b5-affd-ae8c628485f2'::uuid),
('521c5c3e-bd5a-4608-bac6-4a13a85a600c'::uuid, 'Market', 3437.05, '2025-10-19', 'TRAVEL', 'EXPENSE', 'CASH', FALSE, NULL, NULL, NULL, '04f6122b-9e3c-40b5-affd-ae8c628485f2'::uuid),
('113d7b6c-686f-4af7-b31a-63598b363a16'::uuid, 'Eğitim', 1794.72, '2026-02-19', 'TRAVEL', 'EXPENSE', 'CASH', FALSE, NULL, NULL, NULL, '04f6122b-9e3c-40b5-affd-ae8c628485f2'::uuid),
('35753fc3-48a4-428d-a4e3-ffeb7d054bda'::uuid, 'Yemek', 1519.63, '2025-10-22', 'HEALTH', 'EXPENSE', 'CARD', FALSE, NULL, NULL, NULL, '04f6122b-9e3c-40b5-affd-ae8c628485f2'::uuid),
('63901d3c-801d-4d6d-a29d-8dc38ac19fc3'::uuid, 'Eğlence', 1793.68, '2026-02-21', 'BILLS', 'EXPENSE', 'CARD', FALSE, NULL, NULL, NULL, '04f6122b-9e3c-40b5-affd-ae8c628485f2'::uuid),
('7a95e041-85eb-40dd-917e-868f72c47501'::uuid, 'Seyahat', 5478.84, '2025-09-15', 'TRAVEL', 'EXPENSE', 'CARD', FALSE, NULL, NULL, NULL, '04f6122b-9e3c-40b5-affd-ae8c628485f2'::uuid),
('cf0e3ad9-049e-461e-a322-ffb63b758be6'::uuid, 'Fatura', 797.91, '2026-01-07', 'EDUCATION', 'EXPENSE', 'CASH', FALSE, NULL, NULL, NULL, '04f6122b-9e3c-40b5-affd-ae8c628485f2'::uuid),
('d5bd5971-7b61-4ed9-9675-605876fb553a'::uuid, 'Fatura', 934.99, '2025-09-08', 'HEALTH', 'EXPENSE', 'TRANSFER', FALSE, NULL, NULL, NULL, '04f6122b-9e3c-40b5-affd-ae8c628485f2'::uuid),
('6b076a4b-e7f7-42ae-9936-2cbc4b41f890'::uuid, 'Eğitim', 122.40, '2026-02-10', 'TRAVEL', 'EXPENSE', 'TRANSFER', FALSE, NULL, NULL, NULL, '04f6122b-9e3c-40b5-affd-ae8c628485f2'::uuid),
('ac8a6700-d746-45cf-9d63-3f5050299095'::uuid, 'Ulaşım', 1513.41, '2025-11-22', 'RENT', 'EXPENSE', 'CARD', FALSE, NULL, NULL, NULL, '04f6122b-9e3c-40b5-affd-ae8c628485f2'::uuid),
('04988e7e-d72d-4048-9f29-ef40a0d24881'::uuid, 'Maaş', 32125.91, '2025-09-01', 'SALARY', 'INCOME', 'TRANSFER', FALSE, NULL, NULL, NULL, '7ee0fea8-fd6f-4098-a856-145532271afa'::uuid),
('425d2dff-dbb1-4df6-b68f-6d1affda106f'::uuid, 'Maaş', 47198.33, '2025-10-01', 'SALARY', 'INCOME', 'TRANSFER', FALSE, NULL, NULL, NULL, '7ee0fea8-fd6f-4098-a856-145532271afa'::uuid),
('11021da5-7767-447c-b8db-1dbe223c7a27'::uuid, 'Maaş', 34239.44, '2025-11-01', 'SALARY', 'INCOME', 'TRANSFER', FALSE, NULL, NULL, NULL, '7ee0fea8-fd6f-4098-a856-145532271afa'::uuid),
('3b13f042-d2d9-40c7-8d8c-75bbe2a1c830'::uuid, 'Maaş', 42098.61, '2025-12-01', 'SALARY', 'INCOME', 'TRANSFER', FALSE, NULL, NULL, NULL, '7ee0fea8-fd6f-4098-a856-145532271afa'::uuid),
('1d2e3d5f-bf36-40e4-a479-41a76842bab6'::uuid, 'Maaş', 56686.78, '2026-01-01', 'SALARY', 'INCOME', 'TRANSFER', FALSE, NULL, NULL, NULL, '7ee0fea8-fd6f-4098-a856-145532271afa'::uuid),
('c762ec25-8ace-4434-947d-11e4f77cf5bb'::uuid, 'Maaş', 54613.63, '2026-02-01', 'SALARY', 'INCOME', 'TRANSFER', FALSE, NULL, NULL, NULL, '7ee0fea8-fd6f-4098-a856-145532271afa'::uuid),
('fa95a528-0d2b-4597-821b-af1201285169'::uuid, 'Maaş', 28230.45, '2026-03-01', 'SALARY', 'INCOME', 'TRANSFER', FALSE, NULL, NULL, NULL, '7ee0fea8-fd6f-4098-a856-145532271afa'::uuid),
('0528b91c-45f3-45d3-bb1b-cf45c2b1a2c2'::uuid, 'Market', 99.22, '2025-12-27', 'BILLS', 'EXPENSE', 'CARD', FALSE, NULL, NULL, NULL, '7ee0fea8-fd6f-4098-a856-145532271afa'::uuid),
('8f4b004e-a96a-4af0-a3ce-4010858ee3fc'::uuid, 'Eğlence', 3070.11, '2026-02-09', 'TRANSPORT', 'EXPENSE', 'CASH', FALSE, NULL, NULL, NULL, '7ee0fea8-fd6f-4098-a856-145532271afa'::uuid),
('3349e18f-e4d7-43fe-977c-0d051b77f322'::uuid, 'Kira (Taksit)', 5202.18, '2026-01-01', 'RENT', 'EXPENSE', 'CARD', TRUE, 15606.54, 3, '2026-01', '7ee0fea8-fd6f-4098-a856-145532271afa'::uuid),
('7c618cf3-4fee-41b0-ace8-de83302a6382'::uuid, 'Sağlık', 3237.20, '2025-10-18', 'GROCERY', 'EXPENSE', 'CARD', FALSE, NULL, NULL, NULL, '7ee0fea8-fd6f-4098-a856-145532271afa'::uuid),
('f98e8d35-21dd-49ad-a5f3-bc0d386f9516'::uuid, 'Fatura (Taksit)', 2056.41, '2025-12-05', 'GROCERY', 'EXPENSE', 'CARD', TRUE, 6169.23, 3, '2025-12', '7ee0fea8-fd6f-4098-a856-145532271afa'::uuid),
('c64e2246-8d10-4c5d-a766-681d918810ac'::uuid, 'Kira', 1996.94, '2025-11-07', 'ENTERTAINMENT', 'EXPENSE', 'TRANSFER', FALSE, NULL, NULL, NULL, '7ee0fea8-fd6f-4098-a856-145532271afa'::uuid),
('6fc6aa36-e4a4-4451-9729-5b8c37ca95a5'::uuid, 'Ulaşım', 5097.64, '2026-03-14', 'TRAVEL', 'EXPENSE', 'CARD', FALSE, NULL, NULL, NULL, '7ee0fea8-fd6f-4098-a856-145532271afa'::uuid),
('72de9071-eb68-4bf4-afcd-8cd4042e38a2'::uuid, 'Alışveriş', 214.34, '2026-03-06', 'TRANSPORT', 'EXPENSE', 'TRANSFER', FALSE, NULL, NULL, NULL, '7ee0fea8-fd6f-4098-a856-145532271afa'::uuid),
('1b184517-7071-49d9-8869-8434a098f17f'::uuid, 'Yemek', 1526.09, '2025-11-26', 'SHOPPING', 'EXPENSE', 'TRANSFER', FALSE, NULL, NULL, NULL, '7ee0fea8-fd6f-4098-a856-145532271afa'::uuid),
('d2450a17-24f7-41bb-b6f3-5a903e20434b'::uuid, 'Eğlence', 1285.59, '2025-09-13', 'GROCERY', 'EXPENSE', 'CASH', FALSE, NULL, NULL, NULL, '7ee0fea8-fd6f-4098-a856-145532271afa'::uuid),
('6a2f6b6e-1540-427a-924f-74d3c01ab1e4'::uuid, 'Yemek', 208.26, '2025-11-10', 'ENTERTAINMENT', 'EXPENSE', 'CARD', FALSE, NULL, NULL, NULL, '7ee0fea8-fd6f-4098-a856-145532271afa'::uuid),
('85e90995-40aa-4400-b020-a8bc4c8a4f05'::uuid, 'Kira', 5320.54, '2025-12-11', 'BILLS', 'EXPENSE', 'CASH', FALSE, NULL, NULL, NULL, '7ee0fea8-fd6f-4098-a856-145532271afa'::uuid),
('36867b80-2a16-4ec5-84e5-25c23376c973'::uuid, 'Alışveriş', 3762.99, '2025-11-21', 'EDUCATION', 'EXPENSE', 'TRANSFER', FALSE, NULL, NULL, NULL, '7ee0fea8-fd6f-4098-a856-145532271afa'::uuid);

-- investment_assets (TEFAS funds + gold/silver)
-- investment_assets (TEFAS funds + gold/silver)
INSERT INTO investment_assets (id, symbol, name, quantity, avg_cost_try, current_price_try, change_percent, profit_loss_try, type, user_profile_id) VALUES
('b6a00313-890a-49c9-883c-03ea73630b15'::uuid, 'TI2', 'TEB Portföy İkinci Hisse Senedi Fonu', 550.163201, 25.11, 25.44, 1.31, 181.55, 'FUND', 'ee710eb4-0a40-4ba3-8591-eb1bb15f6161'::uuid),
('5d1544de-6179-42d1-b336-aacfcf02c19a'::uuid, 'AFT', 'Ak Portföy Yeni Teknolojiler Yabancı Hisse Senedi Fonu', 126.877357, 57.31, 55.69, -2.83, -205.54, 'FUND', 'ee710eb4-0a40-4ba3-8591-eb1bb15f6161'::uuid),
('11bff355-d723-4d98-88a7-1aeb5be5ce5c'::uuid, 'TCD', 'TEB Portföy Değişken Fon', 320.94354, 14.86, 17.90, 20.46, 975.67, 'FUND', 'ee710eb4-0a40-4ba3-8591-eb1bb15f6161'::uuid),
('b0633e03-90e9-4a4e-a594-249a056c3687'::uuid, 'altin/gram-altin', 'Gram Altın', 11.104882, 2562.92, 2736.23, 6.76, 1924.59, 'GOLD_SILVER', 'ee710eb4-0a40-4ba3-8591-eb1bb15f6161'::uuid),
('3601d838-b99d-49be-ae3f-9144b3b22229'::uuid, 'emtia/gumus-gram', 'Gümüş Gram', 62.019809, 43.65, 43.51, -0.32, -8.68, 'GOLD_SILVER', 'ee710eb4-0a40-4ba3-8591-eb1bb15f6161'::uuid),
('34b63880-c122-4665-ace8-716d4a406b30'::uuid, 'TI2', 'TEB Portföy İkinci Hisse Senedi Fonu', 410.207044, 51.68, 56.65, 9.62, 2038.73, 'FUND', '1ac0c76d-dbc5-4fd7-9d52-e202bca36232'::uuid),
('b099c5c7-c60c-4843-83fa-7b56835d0215'::uuid, 'IIH', 'İş Portföy Hisse Senedi Fonu', 566.479186, 23.99, 27.02, 12.63, 1716.43, 'FUND', '1ac0c76d-dbc5-4fd7-9d52-e202bca36232'::uuid),
('4b92103b-2cc9-4520-bf53-ad6fa0d0cb30'::uuid, 'TCD', 'TEB Portföy Değişken Fon', 169.498327, 32.23, 30.44, -5.55, -303.40, 'FUND', '1ac0c76d-dbc5-4fd7-9d52-e202bca36232'::uuid),
('ae7f1828-d92f-47b4-b261-5429ca4034a3'::uuid, 'altin/gram-altin', 'Gram Altın', 21.320872, 2984.74, 2960.37, -0.82, -519.59, 'GOLD_SILVER', '1ac0c76d-dbc5-4fd7-9d52-e202bca36232'::uuid),
('4b129c78-01b5-44ff-9042-ebcf9317d83e'::uuid, 'emtia/gumus-gram', 'Gümüş Gram', 73.118735, 36.12, 31.47, -12.87, -340.00, 'GOLD_SILVER', '1ac0c76d-dbc5-4fd7-9d52-e202bca36232'::uuid),
('266a339e-066e-4f9b-b894-2cca40042200'::uuid, 'MAC', 'Marmara Capital Portföy Hisse Senedi Fonu', 571.955934, 51.21, 45.41, -11.33, -3317.34, 'FUND', 'ad2ce19e-8670-4081-9b75-978b1c214fa7'::uuid),
('b626c74f-f75d-46ab-b8d7-3229902868f2'::uuid, 'IIH', 'İş Portföy Hisse Senedi Fonu', 166.658198, 41.97, 51.98, 23.85, 1668.25, 'FUND', 'ad2ce19e-8670-4081-9b75-978b1c214fa7'::uuid),
('f83a8cf8-975d-4a9e-9b1a-57fdab51f149'::uuid, 'AFT', 'Ak Portföy Yeni Teknolojiler Yabancı Hisse Senedi Fonu', 77.818181, 26.68, 33.23, 24.55, 509.71, 'FUND', 'ad2ce19e-8670-4081-9b75-978b1c214fa7'::uuid),
('eda8e50d-69ce-4d72-a4bd-15d29015fcab'::uuid, 'altin/gram-altin', 'Gram Altın', 40.414014, 2364.16, 2618.20, 10.75, 10266.78, 'GOLD_SILVER', 'ad2ce19e-8670-4081-9b75-978b1c214fa7'::uuid),
('7d6163e7-18af-4f8a-8720-9a1d05e20d9d'::uuid, 'emtia/gumus-gram', 'Gümüş Gram', 48.794545, 34.66, 39.32, 13.44, 227.38, 'GOLD_SILVER', 'ad2ce19e-8670-4081-9b75-978b1c214fa7'::uuid),
('30e1209d-4f78-4c35-aca0-8280ee0c1b23'::uuid, 'IIH', 'İş Portföy Hisse Senedi Fonu', 483.754065, 39.80, 38.24, -3.92, -754.66, 'FUND', '04f6122b-9e3c-40b5-affd-ae8c628485f2'::uuid),
('e818bf14-ec17-4292-8a88-38dc37b862a5'::uuid, 'MAC', 'Marmara Capital Portföy Hisse Senedi Fonu', 591.215473, 59.38, 63.30, 6.60, 2317.56, 'FUND', '04f6122b-9e3c-40b5-affd-ae8c628485f2'::uuid),
('5718e227-a0a8-4494-be23-5d02df89429e'::uuid, 'TI2', 'TEB Portföy İkinci Hisse Senedi Fonu', 489.182603, 15.50, 18.55, 19.68, 1492.01, 'FUND', '04f6122b-9e3c-40b5-affd-ae8c628485f2'::uuid),
('adca94cf-d63d-47cc-afb2-179095ff8a4a'::uuid, 'altin/gram-altin', 'Gram Altın', 10.931145, 2486.59, 2728.06, 9.71, 2639.54, 'GOLD_SILVER', '04f6122b-9e3c-40b5-affd-ae8c628485f2'::uuid),
('706b2222-5042-479e-90d6-14f4045fae56'::uuid, 'emtia/gumus-gram', 'Gümüş Gram', 51.219705, 20.39, 19.23, -5.69, -59.41, 'GOLD_SILVER', '04f6122b-9e3c-40b5-affd-ae8c628485f2'::uuid),
('afdefa6f-0909-4c4f-a99e-36a60debd89e'::uuid, 'IIH', 'İş Portföy Hisse Senedi Fonu', 460.115901, 33.81, 39.26, 16.12, 2507.63, 'FUND', '7ee0fea8-fd6f-4098-a856-145532271afa'::uuid),
('a9f36c1d-cc55-46c1-abfd-fb40c6f9422f'::uuid, 'TCD', 'TEB Portföy Değişken Fon', 332.280877, 15.45, 16.25, 5.18, 265.82, 'FUND', '7ee0fea8-fd6f-4098-a856-145532271afa'::uuid),
('f1262a7e-3f65-4f4c-b1f7-bf9dc83a823c'::uuid, 'AFT', 'Ak Portföy Yeni Teknolojiler Yabancı Hisse Senedi Fonu', 569.978604, 12.17, 14.16, 16.35, 1134.26, 'FUND', '7ee0fea8-fd6f-4098-a856-145532271afa'::uuid),
('3de13a50-fd48-4f50-9e7a-a6d53327ac81'::uuid, 'altin/gram-altin', 'Gram Altın', 44.014141, 2617.16, 2655.14, 1.45, 1671.66, 'GOLD_SILVER', '7ee0fea8-fd6f-4098-a856-145532271afa'::uuid),
('b75b0be1-6c61-4584-a373-b6e4cb45eec2'::uuid, 'emtia/gumus-gram', 'Gümüş Gram', 77.481833, 21.52, 21.90, 1.77, 29.44, 'GOLD_SILVER', '7ee0fea8-fd6f-4098-a856-145532271afa'::uuid);

-- refresh_tokens: intentionally left empty (login/logout logs)
COMMIT;